Div,Date,HomeTeam,AwayTeam,FTAG,HS,AS
E0,13/08/16,Burnley,Swansea,1,10,17
E0,13/08/16,Crystal Palace,West Brom,1,14,13
E0,13/08/16,Everton,Tottenham,1,12,13
E0,13/08/16,Hull,Leicester,1,14,18
E0,13/08/16,Man City,Sunderland,1,16,7
E0,13/08/16,Middlesbrough,Stoke,1,12,12
E0,13/08/16,Southampton,Watford,1,24,5
E0,14/08/16,Arsenal,Liverpool,4,9,16
E0,14/08/16,Bournemouth,Man United,3,9,11
E0,15/08/16,Chelsea,West Ham,1,16,7
E0,19/08/16,Man United,Southampton,0,12,13
E0,20/08/16,Burnley,Liverpool,0,3,26
E0,20/08/16,Leicester,Arsenal,0,8,13
E0,20/08/16,Stoke,Man City,4,8,12
E0,20/08/16,Swansea,Hull,2,13,12
E0,20/08/16,Tottenham,Crystal Palace,0,20,10
E0,20/08/16,Watford,Chelsea,2,6,13
E0,20/08/16,West Brom,Everton,2,11,13
E0,21/08/16,Sunderland,Middlesbrough,2,18,8
E0,21/08/16,West Ham,Bournemouth,0,15,8
E0,27/08/16,Chelsea,Burnley,0,22,6
E0,27/08/16,Crystal Palace,Bournemouth,1,24,10
E0,27/08/16,Everton,Stoke,0,21,8
E0,27/08/16,Hull,Man United,1,8,29
E0,27/08/16,Leicester,Swansea,1,13,9
E0,27/08/16,Southampton,Sunderland,1,16,5
E0,27/08/16,Tottenham,Liverpool,1,11,13
E0,27/08/16,Watford,Arsenal,3,14,10
E0,28/08/16,Man City,West Ham,1,22,9
E0,28/08/16,West Brom,Middlesbrough,0,13,7
E0,10/09/16,Arsenal,Southampton,1,17,11
E0,10/09/16,Bournemouth,West Brom,0,12,12
E0,10/09/16,Burnley,Hull,1,13,11
E0,10/09/16,Liverpool,Leicester,1,17,12
E0,10/09/16,Man United,Man City,2,14,18
E0,10/09/16,Middlesbrough,Crystal Palace,2,12,12
E0,10/09/16,Stoke,Tottenham,4,15,20
E0,10/09/16,West Ham,Watford,4,19,13
E0,11/09/16,Swansea,Chelsea,2,6,28
E0,12/09/16,Sunderland,Everton,3,11,20
E0,16/09/16,Chelsea,Liverpool,2,12,13
E0,17/09/16,Everton,Middlesbrough,1,11,7
E0,17/09/16,Hull,Arsenal,4,6,24
E0,17/09/16,Leicester,Burnley,0,14,7
E0,17/09/16,Man City,Bournemouth,0,20,6
E0,17/09/16,West Brom,West Ham,2,8,23
E0,18/09/16,Crystal Palace,Stoke,1,14,11
E0,18/09/16,Southampton,Swansea,0,19,9
E0,18/09/16,Tottenham,Sunderland,0,31,6
E0,18/09/16,Watford,Man United,1,10,15
E0,24/09/16,Arsenal,Chelsea,0,14,9
E0,24/09/16,Bournemouth,Everton,0,12,13
E0,24/09/16,Liverpool,Hull,1,32,2
E0,24/09/16,Man United,Leicester,1,16,10
E0,24/09/16,Middlesbrough,Tottenham,2,6,19
E0,24/09/16,Stoke,West Brom,1,12,9
E0,24/09/16,Sunderland,Crystal Palace,3,11,20
E0,24/09/16,Swansea,Man City,3,13,18
E0,25/09/16,West Ham,Southampton,3,13,18
E0,26/09/16,Burnley,Watford,0,13,12
E0,30/09/16,Everton,Crystal Palace,1,13,10
E0,01/10/16,Hull,Chelsea,2,8,22
E0,01/10/16,Sunderland,West Brom,1,7,17
E0,01/10/16,Swansea,Liverpool,2,8,18
E0,01/10/16,Watford,Bournemouth,2,17,11
E0,01/10/16,West Ham,Middlesbrough,1,19,9
E0,02/10/16,Burnley,Arsenal,1,10,18
E0,02/10/16,Leicester,Southampton,0,9,11
E0,02/10/16,Man United,Stoke,1,24,7
E0,02/10/16,Tottenham,Man City,0,13,12
E0,15/10/16,Arsenal,Swansea,2,16,13
E0,15/10/16,Bournemouth,Hull,1,22,11
E0,15/10/16,Chelsea,Leicester,0,16,5
E0,15/10/16,Crystal Palace,West Ham,1,12,12
E0,15/10/16,Man City,Everton,1,19,3
E0,15/10/16,Stoke,Sunderland,0,18,11
E0,15/10/16,West Brom,Tottenham,1,8,20
E0,16/10/16,Middlesbrough,Watford,1,10,4
E0,16/10/16,Southampton,Burnley,1,34,6
E0,17/10/16,Liverpool,Man United,0,9,7
E0,22/10/16,Arsenal,Middlesbrough,0,9,11
E0,22/10/16,Bournemouth,Tottenham,0,8,16
E0,22/10/16,Burnley,Everton,1,9,20
E0,22/10/16,Hull,Stoke,2,9,12
E0,22/10/16,Leicester,Crystal Palace,1,17,23
E0,22/10/16,Liverpool,West Brom,1,21,6
E0,22/10/16,Swansea,Watford,0,11,10
E0,22/10/16,West Ham,Sunderland,0,20,10
E0,23/10/16,Chelsea,Man United,0,14,16
E0,23/10/16,Man City,Southampton,1,14,6
E0,29/10/16,Crystal Palace,Liverpool,4,7,17
E0,29/10/16,Man United,Burnley,0,37,7
E0,29/10/16,Middlesbrough,Bournemouth,0,10,15
E0,29/10/16,Sunderland,Arsenal,4,3,21
E0,29/10/16,Tottenham,Leicester,1,22,6
E0,29/10/16,Watford,Hull,0,22,8
E0,29/10/16,West Brom,Man City,4,9,21
E0,30/10/16,Everton,West Ham,0,17,13
E0,30/10/16,Southampton,Chelsea,2,9,13
E0,31/10/16,Stoke,Swansea,1,17,14
E0,05/11/16,Bournemouth,Sunderland,2,22,9
E0,05/11/16,Burnley,Crystal Palace,2,14,16
E0,05/11/16,Chelsea,Everton,0,21,1
E0,05/11/16,Man City,Middlesbrough,1,25,5
E0,05/11/16,West Ham,Stoke,1,9,12
E0,06/11/16,Arsenal,Tottenham,1,15,10
E0,06/11/16,Hull,Southampton,1,6,19
E0,06/11/16,Leicester,West Brom,2,5,11
E0,06/11/16,Liverpool,Watford,1,28,11
E0,06/11/16,Swansea,Man United,3,6,9
E0,19/11/16,Crystal Palace,Man City,2,9,10
E0,19/11/16,Everton,Swansea,1,14,5
E0,19/11/16,Man United,Arsenal,1,12,5
E0,19/11/16,Southampton,Liverpool,0,3,15
E0,19/11/16,Stoke,Bournemouth,1,14,9
E0,19/11/16,Sunderland,Hull,0,11,17
E0,19/11/16,Tottenham,West Ham,2,14,11
E0,19/11/16,Watford,Leicester,1,10,10
E0,20/11/16,Middlesbrough,Chelsea,1,12,13
E0,21/11/16,West Brom,Burnley,0,16,5
E0,26/11/16,Burnley,Man City,2,10,21
E0,26/11/16,Chelsea,Tottenham,1,9,12
E0,26/11/16,Hull,West Brom,1,10,11
E0,26/11/16,Leicester,Middlesbrough,2,11,6
E0,26/11/16,Liverpool,Sunderland,0,27,6
E0,26/11/16,Swansea,Crystal Palace,4,18,12
E0,27/11/16,Arsenal,Bournemouth,1,16,9
E0,27/11/16,Man United,West Ham,1,17,6
E0,27/11/16,Southampton,Everton,0,17,13
E0,27/11/16,Watford,Stoke,1,11,14
E0,03/12/16,Crystal Palace,Southampton,0,9,17
E0,03/12/16,Man City,Chelsea,3,14,10
E0,03/12/16,Stoke,Burnley,0,10,14
E0,03/12/16,Sunderland,Leicester,1,22,17
E0,03/12/16,Tottenham,Swansea,0,28,1
E0,03/12/16,West Brom,Watford,1,11,17
E0,03/12/16,West Ham,Arsenal,5,10,19
E0,04/12/16,Bournemouth,Liverpool,3,12,10
E0,04/12/16,Everton,Man United,1,13,10
E0,05/12/16,Middlesbrough,Hull,0,16,6
E0,10/12/16,Arsenal,Stoke,1,21,12
E0,10/12/16,Burnley,Bournemouth,2,16,17
E0,10/12/16,Hull,Crystal Palace,3,15,14
E0,10/12/16,Leicester,Man City,2,10,19
E0,10/12/16,Swansea,Sunderland,0,14,11
E0,10/12/16,Watford,Everton,2,11,11
E0,11/12/16,Chelsea,West Brom,0,12,6
E0,11/12/16,Liverpool,West Ham,2,18,7
E0,11/12/16,Man United,Tottenham,0,15,12
E0,11/12/16,Southampton,Middlesbrough,0,14,6
E0,13/12/16,Bournemouth,Leicester,0,9,12
E0,13/12/16,Everton,Arsenal,1,14,9
E0,14/12/16,Crystal Palace,Man United,2,6,16
E0,14/12/16,Man City,Watford,0,13,5
E0,14/12/16,Middlesbrough,Liverpool,3,8,15
E0,14/12/16,Stoke,Southampton,0,5,15
E0,14/12/16,Sunderland,Chelsea,1,8,19
E0,14/12/16,Tottenham,Hull,0,27,10
E0,14/12/16,West Brom,Swansea,1,13,8
E0,14/12/16,West Ham,Burnley,0,20,8
E0,17/12/16,Crystal Palace,Chelsea,1,6,13
E0,17/12/16,Middlesbrough,Swansea,0,10,14
E0,17/12/16,Stoke,Leicester,2,16,14
E0,17/12/16,Sunderland,Watford,0,12,9
E0,17/12/16,West Brom,Man United,2,10,10
E0,17/12/16,West Ham,Hull,0,18,16
E0,18/12/16,Bournemouth,Southampton,3,10,14
E0,18/12/16,Man City,Arsenal,1,14,6
E0,18/12/16,Tottenham,Burnley,1,30,5
E0,19/12/16,Everton,Liverpool,1,6,11
E0,26/12/16,Arsenal,West Brom,0,26,3
E0,26/12/16,Burnley,Middlesbrough,0,6,8
E0,26/12/16,Chelsea,Bournemouth,0,14,7
E0,26/12/16,Hull,Man City,3,10,16
E0,26/12/16,Leicester,Everton,2,7,8
E0,26/12/16,Man United,Sunderland,1,26,7
E0,26/12/16,Swansea,West Ham,4,14,14
E0,26/12/16,Watford,Crystal Palace,1,9,10
E0,27/12/16,Liverpool,Stoke,1,20,6
E0,28/12/16,Southampton,Tottenham,4,9,17
E0,30/12/16,Hull,Everton,2,13,20
E0,31/12/16,Burnley,Sunderland,1,16,11
E0,31/12/16,Chelsea,Stoke,2,18,5
E0,31/12/16,Leicester,West Ham,0,12,25
E0,31/12/16,Liverpool,Man City,0,5,9
E0,31/12/16,Man United,Middlesbrough,1,32,9
E0,31/12/16,Southampton,West Brom,2,10,7
E0,31/12/16,Swansea,Bournemouth,3,14,11
E0,01/01/17,Arsenal,Crystal Palace,0,22,7
E0,01/01/17,Watford,Tottenham,4,6,19
E0,02/01/17,Everton,Southampton,0,17,12
E0,02/01/17,Man City,Burnley,1,14,11
E0,02/01/17,Middlesbrough,Leicester,0,9,10
E0,02/01/17,Sunderland,Liverpool,2,10,21
E0,02/01/17,West Brom,Hull,1,8,17
E0,02/01/17,West Ham,Man United,2,8,13
E0,03/01/17,Bournemouth,Arsenal,3,12,14
E0,03/01/17,Crystal Palace,Swansea,2,7,11
E0,03/01/17,Stoke,Watford,0,17,9
E0,04/01/17,Tottenham,Chelsea,0,9,11
E0,14/01/17,Burnley,Southampton,0,9,20
E0,14/01/17,Hull,Bournemouth,1,14,8
E0,14/01/17,Leicester,Chelsea,3,7,8
E0,14/01/17,Sunderland,Stoke,3,14,14
E0,14/01/17,Swansea,Arsenal,4,12,14
E0,14/01/17,Tottenham,West Brom,0,21,3
E0,14/01/17,Watford,Middlesbrough,0,12,5
E0,14/01/17,West Ham,Crystal Palace,0,14,10
E0,15/01/17,Everton,Man City,0,6,13
E0,15/01/17,Man United,Liverpool,1,9,13
E0,21/01/17,Bournemouth,Watford,2,15,10
E0,21/01/17,Crystal Palace,Everton,1,8,16
E0,21/01/17,Liverpool,Swansea,3,16,6
E0,21/01/17,Man City,Tottenham,2,17,6
E0,21/01/17,Middlesbrough,West Ham,3,11,13
E0,21/01/17,Stoke,Man United,1,6,25
E0,21/01/17,West Brom,Sunderland,0,14,9
E0,22/01/17,Arsenal,Burnley,1,24,13
E0,22/01/17,Chelsea,Hull,0,9,9
E0,22/01/17,Southampton,Leicester,0,20,11
E0,31/01/17,Arsenal,Watford,2,20,10
E0,31/01/17,Bournemouth,Crystal Palace,2,10,11
E0,31/01/17,Burnley,Leicester,0,24,13
E0,31/01/17,Liverpool,Chelsea,1,7,8
E0,31/01/17,Middlesbrough,West Brom,1,11,16
E0,31/01/17,Sunderland,Tottenham,0,3,14
E0,31/01/17,Swansea,Southampton,1,11,10
E0,01/02/17,Man United,Hull,0,15,6
E0,01/02/17,Stoke,Everton,1,14,14
E0,01/02/17,West Ham,Man City,4,6,11
E0,04/02/17,Chelsea,Arsenal,1,13,9
E0,04/02/17,Crystal Palace,Sunderland,4,21,10
E0,04/02/17,Everton,Bournemouth,3,15,18
E0,04/02/17,Hull,Liverpool,0,7,22
E0,04/02/17,Southampton,West Ham,3,21,6
E0,04/02/17,Tottenham,Middlesbrough,0,17,8
E0,04/02/17,Watford,Burnley,1,16,11
E0,04/02/17,West Brom,Stoke,0,16,12
E0,05/02/17,Leicester,Man United,3,11,15
E0,05/02/17,Man City,Swansea,1,17,4
E0,11/02/17,Arsenal,Hull,0,17,9
E0,11/02/17,Liverpool,Tottenham,0,17,7
E0,11/02/17,Man United,Watford,0,22,9
E0,11/02/17,Middlesbrough,Everton,0,9,7
E0,11/02/17,Stoke,Crystal Palace,0,7,6
E0,11/02/17,Sunderland,Southampton,4,6,15
E0,11/02/17,West Ham,West Brom,2,16,8
E0,12/02/17,Burnley,Chelsea,1,6,13
E0,12/02/17,Swansea,Leicester,0,10,9
E0,13/02/17,Bournemouth,Man City,2,5,17
E0,25/02/17,Chelsea,Swansea,1,16,3
E0,25/02/17,Crystal Palace,Middlesbrough,0,15,11
E0,25/02/17,Everton,Sunderland,0,20,10
E0,25/02/17,Hull,Burnley,1,15,10
E0,25/02/17,Watford,West Ham,1,9,13
E0,25/02/17,West Brom,Bournemouth,1,13,12
E0,26/02/17,Tottenham,Stoke,0,21,5
E0,27/02/17,Leicester,Liverpool,1,13,17
E0,04/03/17,Leicester,Hull,1,17,10
E0,04/03/17,Liverpool,Arsenal,1,18,7
E0,04/03/17,Man United,Bournemouth,1,20,3
E0,04/03/17,Stoke,Middlesbrough,0,13,8
E0,04/03/17,Swansea,Burnley,2,23,6
E0,04/03/17,Watford,Southampton,4,16,20
E0,04/03/17,West Brom,Crystal Palace,2,11,10
E0,05/03/17,Sunderland,Man City,2,11,14
E0,05/03/17,Tottenham,Everton,2,20,8
E0,06/03/17,West Ham,Chelsea,2,11,9
E0,08/03/17,Man City,Stoke,0,12,5
E0,11/03/17,Bournemouth,West Ham,2,21,15
E0,11/03/17,Everton,West Brom,0,16,5
E0,11/03/17,Hull,Swansea,1,15,11
E0,12/03/17,Liverpool,Burnley,1,10,11
E0,18/03/17,Bournemouth,Swansea,0,12,10
E0,18/03/17,Crystal Palace,Watford,0,7,6
E0,18/03/17,Everton,Hull,0,14,6
E0,18/03/17,Stoke,Chelsea,2,5,20
E0,18/03/17,Sunderland,Burnley,0,14,17
E0,18/03/17,West Brom,Arsenal,1,12,11
E0,18/03/17,West Ham,Leicester,3,20,11
E0,19/03/17,Man City,Liverpool,1,13,13
E0,19/03/17,Middlesbrough,Man United,3,10,14
E0,19/03/17,Tottenham,Southampton,1,12,8
E0,01/04/17,Burnley,Tottenham,2,13,19
E0,01/04/17,Chelsea,Crystal Palace,2,24,8
E0,01/04/17,Hull,West Ham,1,7,12
E0,01/04/17,Leicester,Stoke,0,23,10
E0,01/04/17,Liverpool,Everton,1,10,9
E0,01/04/17,Man United,West Brom,0,18,3
E0,01/04/17,Southampton,Bournemouth,0,14,12
E0,01/04/17,Watford,Sunderland,0,23,11
E0,02/04/17,Arsenal,Man City,2,8,14
E0,02/04/17,Swansea,Middlesbrough,0,15,8
E0,04/04/17,Burnley,Stoke,0,7,15
E0,04/04/17,Leicester,Sunderland,0,19,15
E0,04/04/17,Man United,Everton,1,18,11
E0,04/04/17,Watford,West Brom,0,9,18
E0,05/04/17,Arsenal,West Ham,0,21,7
E0,05/04/17,Chelsea,Man City,1,10,17
E0,05/04/17,Hull,Middlesbrough,2,17,12
E0,05/04/17,Liverpool,Bournemouth,2,20,7
E0,05/04/17,Southampton,Crystal Palace,1,25,17
E0,05/04/17,Swansea,Tottenham,3,4,18
E0,08/04/17,Bournemouth,Chelsea,3,12,15
E0,08/04/17,Man City,Hull,1,23,6
E0,08/04/17,Middlesbrough,Burnley,0,12,7
E0,08/04/17,Stoke,Liverpool,2,9,14
E0,08/04/17,Tottenham,Watford,0,19,8
E0,08/04/17,West Brom,Southampton,1,17,10
E0,08/04/17,West Ham,Swansea,0,14,4
E0,09/04/17,Everton,Leicester,2,12,6
E0,09/04/17,Sunderland,Man United,3,9,18
E0,10/04/17,Crystal Palace,Arsenal,0,17,11
E0,15/04/17,Crystal Palace,Leicester,2,15,6
E0,15/04/17,Everton,Burnley,1,29,13
E0,15/04/17,Southampton,Man City,3,8,18
E0,15/04/17,Stoke,Hull,1,14,14
E0,15/04/17,Sunderland,West Ham,2,14,7
E0,15/04/17,Tottenham,Bournemouth,0,24,5
E0,15/04/17,Watford,Swansea,0,15,13
E0,16/04/17,Man United,Chelsea,0,9,5
E0,16/04/17,West Brom,Liverpool,1,7,15
E0,17/04/17,Middlesbrough,Arsenal,2,13,12
E0,22/04/17,Bournemouth,Middlesbrough,0,20,5
E0,22/04/17,Hull,Watford,0,8,13
E0,22/04/17,Swansea,Stoke,0,10,9
E0,22/04/17,West Ham,Everton,0,15,4
E0,23/04/17,Burnley,Man United,2,8,12
E0,23/04/17,Liverpool,Crystal Palace,2,14,7
E0,25/04/17,Chelsea,Southampton,2,17,12
E0,26/04/17,Arsenal,Leicester,0,12,7
E0,26/04/17,Crystal Palace,Tottenham,1,6,18
E0,26/04/17,Middlesbrough,Sunderland,0,6,10
E0,27/04/17,Man City,Man United,0,19,3
E0,29/04/17,Crystal Palace,Burnley,2,15,9
E0,29/04/17,Southampton,Hull,0,11,9
E0,29/04/17,Stoke,West Ham,0,19,12
E0,29/04/17,Sunderland,Bournemouth,1,17,15
E0,29/04/17,West Brom,Leicester,1,16,6
E0,30/04/17,Everton,Chelsea,3,12,11
E0,30/04/17,Man United,Swansea,1,12,12
E0,30/04/17,Middlesbrough,Man City,2,14,22
E0,30/04/17,Tottenham,Arsenal,0,20,12
E0,01/05/17,Watford,Liverpool,1,9,12
E0,05/05/17,West Ham,Tottenham,0,13,11
E0,06/05/17,Bournemouth,Stoke,2,12,14
E0,06/05/17,Burnley,West Brom,2,14,11
E0,06/05/17,Hull,Sunderland,2,16,12
E0,06/05/17,Leicester,Watford,0,11,14
E0,06/05/17,Man City,Crystal Palace,0,26,5
E0,06/05/17,Swansea,Everton,0,9,8
E0,07/05/17,Arsenal,Man United,0,9,10
E0,07/05/17,Liverpool,Southampton,0,17,4
E0,08/05/17,Chelsea,Middlesbrough,0,21,2
E0,10/05/17,Southampton,Arsenal,2,14,11
E0,12/05/17,Everton,Watford,0,15,14
E0,12/05/17,West Brom,Chelsea,1,7,24
E0,13/05/17,Bournemouth,Burnley,1,18,14
E0,13/05/17,Man City,Leicester,1,17,9
E0,13/05/17,Middlesbrough,Southampton,2,14,14
E0,13/05/17,Stoke,Arsenal,4,10,10
E0,13/05/17,Sunderland,Swansea,2,13,3
E0,14/05/17,Crystal Palace,Hull,0,12,9
E0,14/05/17,Tottenham,Man United,1,14,8
E0,14/05/17,West Ham,Liverpool,4,10,26
E0,15/05/17,Chelsea,Watford,3,24,9
E0,16/05/17,Arsenal,Sunderland,0,36,6
E0,16/05/17,Man City,West Brom,1,21,5
E0,17/05/17,Southampton,Man United,0,17,11
E0,18/05/17,Leicester,Tottenham,6,12,26
E0,21/05/17,Arsenal,Everton,1,17,22
E0,21/05/17,Burnley,West Ham,2,9,14
E0,21/05/17,Chelsea,Sunderland,1,28,7
E0,21/05/17,Hull,Tottenham,7,10,19
E0,21/05/17,Leicester,Bournemouth,1,21,10
E0,21/05/17,Liverpool,Middlesbrough,0,25,9
E0,21/05/17,Man United,Crystal Palace,0,9,6
E0,21/05/17,Southampton,Stoke,1,14,14
E0,21/05/17,Swansea,West Brom,1,12,16
E0,21/05/17,Watford,Man City,5,6,15
E0,11/08/2017,Arsenal,Leicester,3,27,6
E0,12/08/2017,Brighton,Man City,2,6,14
E0,12/08/2017,Chelsea,Burnley,3,19,10
E0,12/08/2017,Crystal Palace,Huddersfield,3,14,8
E0,12/08/2017,Everton,Stoke,0,9,9
E0,12/08/2017,Southampton,Swansea,0,29,4
E0,12/08/2017,Watford,Liverpool,3,9,14
E0,12/08/2017,West Brom,Bournemouth,0,16,9
E0,13/08/2017,Man United,West Ham,0,22,9
E0,13/08/2017,Newcastle,Tottenham,2,6,18
E0,19/08/2017,Bournemouth,Watford,2,6,19
E0,19/08/2017,Burnley,West Brom,1,20,8
E0,19/08/2017,Leicester,Brighton,0,14,5
E0,19/08/2017,Liverpool,Crystal Palace,0,23,4
E0,19/08/2017,Southampton,West Ham,2,14,16
E0,19/08/2017,Stoke,Arsenal,0,11,18
E0,19/08/2017,Swansea,Man United,4,6,17
E0,20/08/2017,Huddersfield,Newcastle,0,7,13
E0,20/08/2017,Tottenham,Chelsea,2,18,9
E0,21/08/2017,Man City,Everton,1,19,7
E0,26/08/2017,Bournemouth,Man City,2,9,19
E0,26/08/2017,Crystal Palace,Swansea,2,16,7
E0,26/08/2017,Huddersfield,Southampton,0,16,6
E0,26/08/2017,Man United,Leicester,0,22,11
E0,26/08/2017,Newcastle,West Ham,0,16,8
E0,26/08/2017,Watford,Brighton,0,8,16
E0,27/08/2017,Chelsea,Everton,0,18,7
E0,27/08/2017,Liverpool,Arsenal,0,18,8
E0,27/08/2017,Tottenham,Burnley,1,28,13
E0,27/08/2017,West Brom,Stoke,1,10,16
E0,09/09/2017,Arsenal,Bournemouth,0,17,7
E0,09/09/2017,Brighton,West Brom,1,12,12
E0,09/09/2017,Everton,Tottenham,3,12,15
E0,09/09/2017,Leicester,Chelsea,2,8,16
E0,09/09/2017,Man City,Liverpool,0,13,10
E0,09/09/2017,Southampton,Watford,2,9,12
E0,09/09/2017,Stoke,Man United,2,10,18
E0,10/09/2017,Burnley,Crystal Palace,0,4,23
E0,10/09/2017,Swansea,Newcastle,1,10,16
E0,11/09/2017,West Ham,Huddersfield,0,19,10
E0,15/09/2017,Bournemouth,Brighton,1,15,9
E0,16/09/2017,Crystal Palace,Southampton,1,14,13
E0,16/09/2017,Huddersfield,Leicester,1,15,10
E0,16/09/2017,Liverpool,Burnley,1,35,5
E0,16/09/2017,Newcastle,Stoke,1,14,13
E0,16/09/2017,Tottenham,Swansea,0,26,4
E0,16/09/2017,Watford,Man City,6,7,28
E0,16/09/2017,West Brom,West Ham,0,6,9
E0,17/09/2017,Chelsea,Arsenal,0,13,11
E0,17/09/2017,Man United,Everton,0,16,7
E0,23/09/2017,Burnley,Huddersfield,0,5,9
E0,23/09/2017,Everton,Bournemouth,1,12,8
E0,23/09/2017,Leicester,Liverpool,3,12,23
E0,23/09/2017,Man City,Crystal Palace,0,25,5
E0,23/09/2017,Southampton,Man United,1,14,9
E0,23/09/2017,Stoke,Chelsea,4,13,7
E0,23/09/2017,Swansea,Watford,2,10,8
E0,23/09/2017,West Ham,Tottenham,3,10,15
E0,24/09/2017,Brighton,Newcastle,0,7,17
E0,25/09/2017,Arsenal,West Brom,0,16,7
E0,30/09/2017,Bournemouth,Leicester,0,19,8
E0,30/09/2017,Chelsea,Man City,1,4,17
E0,30/09/2017,Huddersfield,Tottenham,4,6,14
E0,30/09/2017,Man United,Crystal Palace,0,18,6
E0,30/09/2017,Stoke,Southampton,1,17,21
E0,30/09/2017,West Brom,Watford,2,9,15
E0,30/09/2017,West Ham,Swansea,0,9,6
E0,01/10/2017,Arsenal,Brighton,0,25,9
E0,01/10/2017,Everton,Burnley,1,23,5
E0,01/10/2017,Newcastle,Liverpool,1,8,17
E0,14/10/2017,Burnley,West Ham,1,20,8
E0,14/10/2017,Crystal Palace,Chelsea,1,14,15
E0,14/10/2017,Liverpool,Man United,0,19,6
E0,14/10/2017,Man City,Stoke,2,20,5
E0,14/10/2017,Swansea,Huddersfield,0,7,7
E0,14/10/2017,Tottenham,Bournemouth,0,18,5
E0,14/10/2017,Watford,Arsenal,1,11,9
E0,15/10/2017,Brighton,Everton,1,12,13
E0,15/10/2017,Southampton,Newcastle,2,12,19
E0,16/10/2017,Leicester,West Brom,1,11,5
E0,20/10/2017,West Ham,Brighton,3,16,7
E0,21/10/2017,Chelsea,Watford,2,14,16
E0,21/10/2017,Huddersfield,Man United,1,5,9
E0,21/10/2017,Man City,Burnley,0,15,6
E0,21/10/2017,Newcastle,Crystal Palace,0,7,10
E0,21/10/2017,Southampton,West Brom,0,20,7
E0,21/10/2017,Stoke,Bournemouth,2,10,7
E0,21/10/2017,Swansea,Leicester,2,19,11
E0,22/10/2017,Everton,Arsenal,5,8,30
E0,22/10/2017,Tottenham,Liverpool,1,14,12
E0,28/10/2017,Arsenal,Swansea,1,17,4
E0,28/10/2017,Bournemouth,Chelsea,1,7,18
E0,28/10/2017,Crystal Palace,West Ham,2,19,6
E0,28/10/2017,Liverpool,Huddersfield,0,16,1
E0,28/10/2017,Man United,Tottenham,0,11,13
E0,28/10/2017,Watford,Stoke,1,13,6
E0,28/10/2017,West Brom,Man City,3,6,15
E0,29/10/2017,Brighton,Southampton,1,7,6
E0,29/10/2017,Leicester,Everton,0,9,16
E0,30/10/2017,Burnley,Newcastle,0,12,12
E0,04/11/2017,Huddersfield,West Brom,0,7,9
E0,04/11/2017,Newcastle,Bournemouth,1,16,16
E0,04/11/2017,Southampton,Burnley,1,13,5
E0,04/11/2017,Stoke,Leicester,2,11,14
E0,04/11/2017,Swansea,Brighton,1,12,5
E0,04/11/2017,West Ham,Liverpool,4,6,15
E0,05/11/2017,Chelsea,Man United,0,18,10
E0,05/11/2017,Everton,Watford,2,10,11
E0,05/11/2017,Man City,Arsenal,1,9,6
E0,05/11/2017,Tottenham,Crystal Palace,0,12,11
E0,18/11/2017,Arsenal,Tottenham,0,14,14
E0,18/11/2017,Bournemouth,Huddersfield,0,11,20
E0,18/11/2017,Burnley,Swansea,0,16,13
E0,18/11/2017,Crystal Palace,Everton,2,16,8
E0,18/11/2017,Leicester,Man City,2,2,12
E0,18/11/2017,Liverpool,Southampton,0,21,5
E0,18/11/2017,Man United,Newcastle,1,16,12
E0,18/11/2017,West Brom,Chelsea,4,7,11
E0,19/11/2017,Watford,West Ham,0,17,10
E0,20/11/2017,Brighton,Stoke,2,9,13
E0,24/11/2017,West Ham,Leicester,1,8,7
E0,25/11/2017,Crystal Palace,Stoke,1,10,9
E0,25/11/2017,Liverpool,Chelsea,1,16,11
E0,25/11/2017,Man United,Brighton,0,15,8
E0,25/11/2017,Newcastle,Watford,3,12,12
E0,25/11/2017,Swansea,Bournemouth,0,10,9
E0,25/11/2017,Tottenham,West Brom,1,24,5
E0,26/11/2017,Burnley,Arsenal,1,8,17
E0,26/11/2017,Huddersfield,Man City,2,4,14
E0,26/11/2017,Southampton,Everton,1,17,5
E0,28/11/2017,Brighton,Crystal Palace,0,10,10
E0,28/11/2017,Leicester,Tottenham,1,7,18
E0,28/11/2017,Watford,Man United,4,12,15
E0,28/11/2017,West Brom,Newcastle,2,8,14
E0,29/11/2017,Arsenal,Huddersfield,0,21,7
E0,29/11/2017,Bournemouth,Burnley,2,10,10
E0,29/11/2017,Chelsea,Swansea,0,21,2
E0,29/11/2017,Everton,West Ham,0,8,7
E0,29/11/2017,Man City,Southampton,1,26,7
E0,29/11/2017,Stoke,Liverpool,3,10,14
E0,02/12/2017,Arsenal,Man United,3,33,8
E0,02/12/2017,Brighton,Liverpool,5,6,12
E0,02/12/2017,Chelsea,Newcastle,1,23,8
E0,02/12/2017,Everton,Huddersfield,0,6,5
E0,02/12/2017,Leicester,Burnley,0,16,14
E0,02/12/2017,Stoke,Swansea,1,10,10
E0,02/12/2017,Watford,Tottenham,1,6,8
E0,02/12/2017,West Brom,Crystal Palace,0,20,10
E0,03/12/2017,Bournemouth,Southampton,1,16,15
E0,03/12/2017,Man City,West Ham,1,24,7
E0,09/12/2017,Burnley,Watford,0,8,11
E0,09/12/2017,Crystal Palace,Bournemouth,2,24,11
E0,09/12/2017,Huddersfield,Brighton,0,19,7
E0,09/12/2017,Newcastle,Leicester,3,10,13
E0,09/12/2017,Swansea,West Brom,0,18,7
E0,09/12/2017,Tottenham,Stoke,1,20,4
E0,09/12/2017,West Ham,Chelsea,0,5,19
E0,10/12/2017,Liverpool,Everton,1,23,3
E0,10/12/2017,Man United,Man City,2,8,14
E0,10/12/2017,Southampton,Arsenal,1,6,11
E0,12/12/2017,Burnley,Stoke,0,10,14
E0,12/12/2017,Crystal Palace,Watford,1,14,7
E0,12/12/2017,Huddersfield,Chelsea,3,7,12
E0,13/12/2017,Liverpool,West Brom,0,14,6
E0,13/12/2017,Man United,Bournemouth,0,9,14
E0,13/12/2017,Newcastle,Everton,1,16,7
E0,13/12/2017,Southampton,Leicester,4,12,16
E0,13/12/2017,Swansea,Man City,4,7,23
E0,13/12/2017,Tottenham,Brighton,0,25,7
E0,13/12/2017,West Ham,Arsenal,0,6,22
E0,16/12/2017,Arsenal,Newcastle,0,23,10
E0,16/12/2017,Brighton,Burnley,0,12,11
E0,16/12/2017,Chelsea,Southampton,0,24,6
E0,16/12/2017,Leicester,Crystal Palace,3,11,13
E0,16/12/2017,Man City,Tottenham,1,20,7
E0,16/12/2017,Stoke,West Ham,3,17,14
E0,16/12/2017,Watford,Huddersfield,4,13,15
E0,17/12/2017,Bournemouth,Liverpool,4,6,21
E0,17/12/2017,West Brom,Man United,2,12,8
E0,18/12/2017,Everton,Swansea,1,12,8
E0,22/12/2017,Arsenal,Liverpool,3,11,14
E0,23/12/2017,Brighton,Watford,0,14,13
E0,23/12/2017,Burnley,Tottenham,3,5,18
E0,23/12/2017,Everton,Chelsea,0,5,25
E0,23/12/2017,Leicester,Man United,2,11,19
E0,23/12/2017,Man City,Bournemouth,0,14,5
E0,23/12/2017,Southampton,Huddersfield,1,12,10
E0,23/12/2017,Stoke,West Brom,1,9,17
E0,23/12/2017,Swansea,Crystal Palace,1,7,13
E0,23/12/2017,West Ham,Newcastle,3,19,11
E0,26/12/2017,Bournemouth,West Ham,3,26,10
E0,26/12/2017,Chelsea,Brighton,0,25,8
E0,26/12/2017,Huddersfield,Stoke,1,18,15
E0,26/12/2017,Liverpool,Swansea,0,22,7
E0,26/12/2017,Man United,Burnley,2,23,3
E0,26/12/2017,Tottenham,Southampton,2,16,16
E0,26/12/2017,Watford,Leicester,1,11,11
E0,26/12/2017,West Brom,Everton,0,17,7
E0,27/12/2017,Newcastle,Man City,1,6,22
E0,28/12/2017,Crystal Palace,Arsenal,3,16,16
E0,30/12/2017,Bournemouth,Everton,1,19,6
E0,30/12/2017,Chelsea,Stoke,0,21,1
E0,30/12/2017,Huddersfield,Burnley,0,3,11
E0,30/12/2017,Liverpool,Leicester,1,17,7
E0,30/12/2017,Man United,Southampton,0,15,8
E0,30/12/2017,Newcastle,Brighton,0,11,10
E0,30/12/2017,Watford,Swansea,2,9,9
E0,31/12/2017,Crystal Palace,Man City,0,10,15
E0,31/12/2017,West Brom,Arsenal,1,14,14
E0,01/01/2018,Brighton,Bournemouth,2,15,26
E0,01/01/2018,Burnley,Liverpool,2,13,19
E0,01/01/2018,Everton,Man United,2,12,21
E0,01/01/2018,Leicester,Huddersfield,0,11,6
E0,01/01/2018,Stoke,Newcastle,1,11,14
E0,02/01/2018,Man City,Watford,1,17,7
E0,02/01/2018,Southampton,Crystal Palace,2,10,11
E0,02/01/2018,Swansea,Tottenham,2,8,12
E0,02/01/2018,West Ham,West Brom,1,13,10
E0,03/01/2018,Arsenal,Chelsea,2,14,19
E0,04/01/2018,Tottenham,West Ham,1,31,3
E0,13/01/2018,Chelsea,Leicester,0,17,14
E0,13/01/2018,Crystal Palace,Burnley,0,17,8
E0,13/01/2018,Huddersfield,West Ham,4,8,8
E0,13/01/2018,Newcastle,Swansea,1,12,8
E0,13/01/2018,Tottenham,Everton,0,20,7
E0,13/01/2018,Watford,Southampton,2,16,10
E0,13/01/2018,West Brom,Brighton,0,15,13
E0,14/01/2018,Bournemouth,Arsenal,1,13,12
E0,14/01/2018,Liverpool,Man City,3,16,11
E0,15/01/2018,Man United,Stoke,0,20,11
E0,20/01/2018,Arsenal,Crystal Palace,1,16,9
E0,20/01/2018,Brighton,Chelsea,4,10,14
E0,20/01/2018,Burnley,Man United,1,13,12
E0,20/01/2018,Everton,West Brom,1,9,15
E0,20/01/2018,Leicester,Watford,0,9,11
E0,20/01/2018,Man City,Newcastle,1,21,6
E0,20/01/2018,Stoke,Huddersfield,0,11,6
E0,20/01/2018,West Ham,Bournemouth,1,12,8
E0,21/01/2018,Southampton,Tottenham,1,10,17
E0,22/01/2018,Swansea,Liverpool,0,3,21
E0,30/01/2018,Huddersfield,Liverpool,3,5,14
E0,30/01/2018,Swansea,Arsenal,1,12,9
E0,30/01/2018,West Ham,Crystal Palace,1,8,9
E0,31/01/2018,Chelsea,Bournemouth,3,21,11
E0,31/01/2018,Everton,Leicester,1,9,8
E0,31/01/2018,Man City,West Brom,0,19,3
E0,31/01/2018,Newcastle,Burnley,1,14,11
E0,31/01/2018,Southampton,Brighton,1,18,9
E0,31/01/2018,Stoke,Watford,0,11,12
E0,31/01/2018,Tottenham,Man United,0,22,6
E0,03/02/2018,Arsenal,Everton,1,15,11
E0,03/02/2018,Bournemouth,Stoke,1,15,13
E0,03/02/2018,Brighton,West Ham,1,21,4
E0,03/02/2018,Burnley,Man City,1,8,20
E0,03/02/2018,Leicester,Swansea,1,13,3
E0,03/02/2018,Man United,Huddersfield,0,16,4
E0,03/02/2018,West Brom,Southampton,3,9,13
E0,04/02/2018,Crystal Palace,Newcastle,1,21,11
E0,04/02/2018,Liverpool,Tottenham,2,9,13
E0,05/02/2018,Watford,Chelsea,1,21,7
E0,10/02/2018,Everton,Crystal Palace,1,11,16
E0,10/02/2018,Man City,Leicester,1,19,2
E0,10/02/2018,Stoke,Brighton,1,15,14
E0,10/02/2018,Swansea,Burnley,0,12,13
E0,10/02/2018,Tottenham,Arsenal,0,18,6
E0,10/02/2018,West Ham,Watford,0,8,11
E0,11/02/2018,Huddersfield,Bournemouth,1,15,7
E0,11/02/2018,Newcastle,Man United,0,10,13
E0,11/02/2018,Southampton,Liverpool,2,6,16
E0,12/02/2018,Chelsea,West Brom,0,20,8
E0,24/02/2018,Bournemouth,Newcastle,2,18,15
E0,24/02/2018,Brighton,Swansea,1,16,11
E0,24/02/2018,Burnley,Southampton,1,9,13
E0,24/02/2018,Leicester,Stoke,1,19,6
E0,24/02/2018,Liverpool,West Ham,1,21,7
E0,24/02/2018,Watford,Everton,0,13,7
E0,24/02/2018,West Brom,Huddersfield,2,10,16
E0,25/02/2018,Crystal Palace,Tottenham,1,5,14
E0,25/02/2018,Man United,Chelsea,1,10,14
E0,01/03/2018,Arsenal,Man City,3,10,9
E0,03/03/2018,Burnley,Everton,1,21,10
E0,03/03/2018,Leicester,Bournemouth,1,23,8
E0,03/03/2018,Liverpool,Newcastle,0,14,7
E0,03/03/2018,Southampton,Stoke,0,18,12
E0,03/03/2018,Swansea,West Ham,1,9,7
E0,03/03/2018,Tottenham,Huddersfield,0,15,3
E0,03/03/2018,Watford,West Brom,0,15,9
E0,04/03/2018,Brighton,Arsenal,1,13,15
E0,04/03/2018,Man City,Chelsea,0,13,3
E0,05/03/2018,Crystal Palace,Man United,3,10,17
E0,10/03/2018,Chelsea,Crystal Palace,1,27,9
E0,10/03/2018,Everton,Brighton,0,13,10
E0,10/03/2018,Huddersfield,Swansea,0,30,0
E0,10/03/2018,Man United,Liverpool,1,5,14
E0,10/03/2018,Newcastle,Southampton,0,7,6
E0,10/03/2018,West Brom,Leicester,4,6,14
E0,10/03/2018,West Ham,Burnley,3,13,7
E0,11/03/2018,Arsenal,Watford,0,11,11
E0,11/03/2018,Bournemouth,Tottenham,4,14,12
E0,12/03/2018,Stoke,Man City,2,3,17
E0,17/03/2018,Bournemouth,West Brom,1,17,11
E0,17/03/2018,Huddersfield,Crystal Palace,2,6,17
E0,17/03/2018,Liverpool,Watford,0,13,4
E0,17/03/2018,Stoke,Everton,2,9,17
E0,31/03/2018,Brighton,Leicester,2,15,6
E0,31/03/2018,Crystal Palace,Liverpool,2,6,16
E0,31/03/2018,Everton,Man City,3,6,18
E0,31/03/2018,Man United,Swansea,0,11,3
E0,31/03/2018,Newcastle,Huddersfield,0,18,4
E0,31/03/2018,Watford,Bournemouth,2,16,13
E0,31/03/2018,West Brom,Burnley,2,8,11
E0,31/03/2018,West Ham,Southampton,0,13,9
E0,01/04/2018,Arsenal,Stoke,0,24,8
E0,01/04/2018,Chelsea,Tottenham,3,14,12
E0,07/04/2018,Bournemouth,Crystal Palace,2,20,13
E0,07/04/2018,Brighton,Huddersfield,1,13,14
E0,07/04/2018,Everton,Liverpool,0,6,10
E0,07/04/2018,Leicester,Newcastle,2,8,8
E0,07/04/2018,Man City,Man United,3,20,5
E0,07/04/2018,Stoke,Tottenham,2,10,15
E0,07/04/2018,Watford,Burnley,2,14,7
E0,07/04/2018,West Brom,Swansea,1,15,7
E0,08/04/2018,Arsenal,Southampton,2,13,15
E0,08/04/2018,Chelsea,West Ham,1,23,5
E0,14/04/2018,Burnley,Leicester,1,8,15
E0,14/04/2018,Crystal Palace,Brighton,2,15,12
E0,14/04/2018,Huddersfield,Watford,0,9,4
E0,14/04/2018,Liverpool,Bournemouth,0,20,6
E0,14/04/2018,Southampton,Chelsea,3,10,17
E0,14/04/2018,Swansea,Everton,1,17,12
E0,14/04/2018,Tottenham,Man City,3,8,17
E0,15/04/2018,Man United,West Brom,1,14,10
E0,15/04/2018,Newcastle,Arsenal,1,8,15
E0,16/04/2018,West Ham,Stoke,1,18,11
E0,17/04/2018,Brighton,Tottenham,1,8,16
E0,18/04/2018,Bournemouth,Man United,2,13,13
E0,19/04/2018,Burnley,Chelsea,2,5,16
E0,19/04/2018,Leicester,Southampton,0,11,6
E0,21/04/2018,Watford,Crystal Palace,0,14,6
E0,21/04/2018,West Brom,Liverpool,2,13,9
E0,22/04/2018,Arsenal,West Ham,1,20,11
E0,22/04/2018,Man City,Swansea,0,19,4
E0,22/04/2018,Stoke,Burnley,1,8,16
E0,23/04/2018,Everton,Newcastle,0,9,9
E0,28/04/2018,Burnley,Brighton,0,10,9
E0,28/04/2018,Crystal Palace,Leicester,0,15,6
E0,28/04/2018,Huddersfield,Everton,2,9,7
E0,28/04/2018,Liverpool,Stoke,0,20,5
E0,28/04/2018,Newcastle,West Brom,1,17,9
E0,28/04/2018,Southampton,Bournemouth,1,14,14
E0,28/04/2018,Swansea,Chelsea,1,10,11
E0,29/04/2018,Man United,Arsenal,1,17,8
E0,29/04/2018,West Ham,Man City,4,4,19
E0,30/04/2018,Tottenham,Watford,0,13,13
E0,04/05/2018,Brighton,Man United,0,11,16
E0,05/05/2018,Bournemouth,Swansea,0,13,12
E0,05/05/2018,Everton,Southampton,1,9,11
E0,05/05/2018,Leicester,West Ham,2,13,13
E0,05/05/2018,Stoke,Crystal Palace,2,7,13
E0,05/05/2018,Watford,Newcastle,1,11,9
E0,05/05/2018,West Brom,Tottenham,0,9,18
E0,06/05/2018,Arsenal,Burnley,0,16,6
E0,06/05/2018,Chelsea,Liverpool,0,12,10
E0,06/05/2018,Man City,Huddersfield,0,15,5
E0,08/05/2018,Swansea,Southampton,1,11,13
E0,09/05/2018,Chelsea,Huddersfield,1,22,3
E0,09/05/2018,Leicester,Arsenal,1,19,14
E0,09/05/2018,Man City,Brighton,1,19,6
E0,09/05/2018,Tottenham,Newcastle,0,11,14
E0,10/05/2018,West Ham,Man United,0,9,16
E0,13/05/2018,Burnley,Bournemouth,2,12,16
E0,13/05/2018,Crystal Palace,West Brom,0,11,7
E0,13/05/2018,Huddersfield,Arsenal,1,18,9
E0,13/05/2018,Liverpool,Brighton,0,22,2
E0,13/05/2018,Man United,Watford,0,7,7
E0,13/05/2018,Newcastle,Chelsea,0,16,6
E0,13/05/2018,Southampton,Man City,1,8,13
E0,13/05/2018,Swansea,Stoke,2,26,8
E0,13/05/2018,Tottenham,Leicester,4,14,16
E0,13/05/2018,West Ham,Everton,1,15,14
E0,10/08/2018,Man United,Leicester,1,8,13
E0,11/08/2018,Bournemouth,Cardiff,0,12,10
E0,11/08/2018,Fulham,Crystal Palace,2,15,10
E0,11/08/2018,Huddersfield,Chelsea,3,6,13
E0,11/08/2018,Newcastle,Tottenham,2,15,15
E0,11/08/2018,Watford,Brighton,0,19,6
E0,11/08/2018,Wolves,Everton,2,11,6
E0,12/08/2018,Arsenal,Man City,2,9,17
E0,12/08/2018,Liverpool,West Ham,0,18,5
E0,12/08/2018,Southampton,Burnley,0,18,16
E0,18/08/2018,Cardiff,Newcastle,0,12,12
E0,18/08/2018,Chelsea,Arsenal,2,24,15
E0,18/08/2018,Everton,Southampton,1,13,15
E0,18/08/2018,Leicester,Wolves,0,6,11
E0,18/08/2018,Tottenham,Fulham,1,25,10
E0,18/08/2018,West Ham,Bournemouth,2,11,12
E0,19/08/2018,Brighton,Man United,2,6,9
E0,19/08/2018,Burnley,Watford,3,8,9
E0,19/08/2018,Man City,Huddersfield,1,32,5
E0,20/08/2018,Crystal Palace,Liverpool,2,8,16
E0,25/08/2018,Arsenal,West Ham,1,17,13
E0,25/08/2018,Bournemouth,Everton,2,17,11
E0,25/08/2018,Huddersfield,Cardiff,0,5,14
E0,25/08/2018,Liverpool,Brighton,0,22,6
E0,25/08/2018,Southampton,Leicester,2,11,8
E0,25/08/2018,Wolves,Man City,1,11,18
E0,26/08/2018,Fulham,Burnley,2,25,12
E0,26/08/2018,Newcastle,Chelsea,2,6,15
E0,26/08/2018,Watford,Crystal Palace,1,13,9
E0,27/08/2018,Man United,Tottenham,3,23,9
E0,01/09/2018,Brighton,Fulham,2,15,10
E0,01/09/2018,Chelsea,Bournemouth,0,24,8
E0,01/09/2018,Crystal Palace,Southampton,2,20,19
E0,01/09/2018,Everton,Huddersfield,1,11,9
E0,01/09/2018,Leicester,Liverpool,2,12,10
E0,01/09/2018,Man City,Newcastle,1,24,3
E0,01/09/2018,West Ham,Wolves,1,13,15
E0,02/09/2018,Burnley,Man United,2,9,21
E0,02/09/2018,Cardiff,Arsenal,3,14,17
E0,02/09/2018,Watford,Tottenham,1,7,11
E0,15/09/2018,Bournemouth,Leicester,2,10,14
E0,15/09/2018,Chelsea,Cardiff,1,18,6
E0,15/09/2018,Huddersfield,Crystal Palace,1,15,7
E0,15/09/2018,Man City,Fulham,0,28,9
E0,15/09/2018,Newcastle,Arsenal,2,4,12
E0,15/09/2018,Tottenham,Liverpool,2,11,17
E0,15/09/2018,Watford,Man United,2,14,9
E0,16/09/2018,Everton,West Ham,3,16,9
E0,16/09/2018,Wolves,Burnley,0,30,7
E0,17/09/2018,Southampton,Brighton,2,14,12
E0,22/09/2018,Brighton,Tottenham,2,8,16
E0,22/09/2018,Burnley,Bournemouth,0,12,19
E0,22/09/2018,Cardiff,Man City,5,2,21
E0,22/09/2018,Crystal Palace,Newcastle,0,16,6
E0,22/09/2018,Fulham,Watford,1,15,11
E0,22/09/2018,Leicester,Huddersfield,1,18,9
E0,22/09/2018,Liverpool,Southampton,0,12,7
E0,22/09/2018,Man United,Wolves,1,15,11
E0,23/09/2018,Arsenal,Everton,0,9,9
E0,23/09/2018,West Ham,Chelsea,0,6,17
E0,29/09/2018,Arsenal,Watford,0,9,13
E0,29/09/2018,Chelsea,Liverpool,1,10,13
E0,29/09/2018,Everton,Fulham,0,19,6
E0,29/09/2018,Huddersfield,Tottenham,2,9,10
E0,29/09/2018,Man City,Brighton,0,28,4
E0,29/09/2018,Newcastle,Leicester,2,6,12
E0,29/09/2018,West Ham,Man United,1,8,9
E0,29/09/2018,Wolves,Southampton,0,14,17
E0,30/09/2018,Cardiff,Burnley,2,19,3
E0,01/10/2018,Bournemouth,Crystal Palace,1,11,10
E0,05/10/2018,Brighton,West Ham,0,9,17
E0,06/10/2018,Burnley,Huddersfield,1,6,19
E0,06/10/2018,Crystal Palace,Wolves,1,11,7
E0,06/10/2018,Leicester,Everton,2,8,17
E0,06/10/2018,Man United,Newcastle,2,18,13
E0,06/10/2018,Tottenham,Cardiff,0,19,8
E0,06/10/2018,Watford,Bournemouth,4,14,10
E0,07/10/2018,Fulham,Arsenal,5,21,9
E0,07/10/2018,Liverpool,Man City,0,7,6
E0,07/10/2018,Southampton,Chelsea,3,15,21
E0,20/10/2018,Bournemouth,Southampton,0,10,8
E0,20/10/2018,Cardiff,Fulham,2,22,9
E0,20/10/2018,Chelsea,Man United,2,21,7
E0,20/10/2018,Huddersfield,Liverpool,1,13,11
E0,20/10/2018,Man City,Burnley,0,24,5
E0,20/10/2018,Newcastle,Brighton,1,27,8
E0,20/10/2018,West Ham,Tottenham,1,13,10
E0,20/10/2018,Wolves,Watford,2,10,9
E0,21/10/2018,Everton,Crystal Palace,0,20,7
E0,22/10/2018,Arsenal,Leicester,1,19,8
E0,27/10/2018,Brighton,Wolves,0,2,25
E0,27/10/2018,Fulham,Bournemouth,3,11,12
E0,27/10/2018,Leicester,West Ham,1,21,11
E0,27/10/2018,Liverpool,Cardiff,1,19,2
E0,27/10/2018,Southampton,Newcastle,0,22,6
E0,27/10/2018,Watford,Huddersfield,0,12,13
E0,28/10/2018,Burnley,Chelsea,4,7,24
E0,28/10/2018,Crystal Palace,Arsenal,2,16,7
E0,28/10/2018,Man United,Everton,1,14,14
E0,29/10/2018,Tottenham,Man City,1,4,13
E0,03/11/2018,Arsenal,Liverpool,1,12,13
E0,03/11/2018,Bournemouth,Man United,2,18,18
E0,03/11/2018,Cardiff,Leicester,1,11,13
E0,03/11/2018,Everton,Brighton,1,14,5
E0,03/11/2018,Newcastle,Watford,0,10,16
E0,03/11/2018,West Ham,Burnley,2,22,6
E0,03/11/2018,Wolves,Tottenham,3,16,10
E0,04/11/2018,Chelsea,Crystal Palace,1,15,7
E0,04/11/2018,Man City,Southampton,1,18,12
E0,05/11/2018,Huddersfield,Fulham,0,10,7
E0,10/11/2018,Cardiff,Brighton,1,20,7
E0,10/11/2018,Crystal Palace,Tottenham,1,11,11
E0,10/11/2018,Huddersfield,West Ham,1,15,12
E0,10/11/2018,Leicester,Burnley,0,22,6
E0,10/11/2018,Newcastle,Bournemouth,1,18,14
E0,10/11/2018,Southampton,Watford,1,14,12
E0,11/11/2018,Arsenal,Wolves,1,10,12
E0,11/11/2018,Chelsea,Everton,0,15,6
E0,11/11/2018,Liverpool,Fulham,0,20,8
E0,11/11/2018,Man City,Man United,1,17,6
E0,24/11/2018,Brighton,Leicester,1,14,8
E0,24/11/2018,Everton,Cardiff,0,16,7
E0,24/11/2018,Fulham,Southampton,2,10,19
E0,24/11/2018,Man United,Crystal Palace,0,12,13
E0,24/11/2018,Tottenham,Chelsea,1,18,13
E0,24/11/2018,Watford,Liverpool,3,5,10
E0,24/11/2018,West Ham,Man City,4,9,9
E0,25/11/2018,Bournemouth,Arsenal,2,11,20
E0,25/11/2018,Wolves,Huddersfield,2,12,14
E0,26/11/2018,Burnley,Newcastle,2,14,17
E0,30/11/2018,Cardiff,Wolves,1,17,15
E0,01/12/2018,Crystal Palace,Burnley,0,29,4
E0,01/12/2018,Huddersfield,Brighton,2,7,14
E0,01/12/2018,Leicester,Watford,0,7,8
E0,01/12/2018,Man City,Bournemouth,1,16,4
E0,01/12/2018,Newcastle,West Ham,3,16,7
E0,01/12/2018,Southampton,Man United,2,16,11
E0,02/12/2018,Arsenal,Tottenham,2,22,11
E0,02/12/2018,Chelsea,Fulham,0,16,9
E0,02/12/2018,Liverpool,Everton,0,16,9
E0,04/12/2018,Bournemouth,Huddersfield,1,6,23
E0,04/12/2018,Brighton,Crystal Palace,1,9,18
E0,04/12/2018,Watford,Man City,2,11,15
E0,04/12/2018,West Ham,Cardiff,1,17,9
E0,05/12/2018,Burnley,Liverpool,3,10,18
E0,05/12/2018,Everton,Newcastle,1,19,8
E0,05/12/2018,Fulham,Leicester,1,25,13
E0,05/12/2018,Man United,Arsenal,2,10,9
E0,05/12/2018,Tottenham,Southampton,1,13,18
E0,05/12/2018,Wolves,Chelsea,1,6,17
E0,08/12/2018,Arsenal,Huddersfield,0,14,6
E0,08/12/2018,Bournemouth,Liverpool,4,8,10
E0,08/12/2018,Burnley,Brighton,0,14,14
E0,08/12/2018,Cardiff,Southampton,0,13,12
E0,08/12/2018,Chelsea,Man City,0,8,14
E0,08/12/2018,Leicester,Tottenham,2,11,7
E0,08/12/2018,Man United,Fulham,1,20,10
E0,08/12/2018,West Ham,Crystal Palace,2,13,8
E0,09/12/2018,Newcastle,Wolves,2,12,13
E0,10/12/2018,Everton,Watford,2,12,15
E0,15/12/2018,Crystal Palace,Leicester,0,8,12
E0,15/12/2018,Fulham,West Ham,2,16,6
E0,15/12/2018,Huddersfield,Newcastle,1,15,8
E0,15/12/2018,Man City,Everton,1,13,9
E0,15/12/2018,Tottenham,Burnley,0,15,4
E0,15/12/2018,Watford,Cardiff,2,17,10
E0,15/12/2018,Wolves,Bournemouth,0,9,13
E0,16/12/2018,Brighton,Chelsea,2,6,10
E0,16/12/2018,Liverpool,Man United,1,36,6
E0,16/12/2018,Southampton,Arsenal,2,12,13
E0,21/12/2018,Wolves,Liverpool,2,11,15
E0,22/12/2018,Arsenal,Burnley,1,10,7
E0,22/12/2018,Bournemouth,Brighton,0,14,10
E0,22/12/2018,Cardiff,Man United,5,9,17
E0,22/12/2018,Chelsea,Leicester,1,17,8
E0,22/12/2018,Huddersfield,Southampton,3,16,13
E0,22/12/2018,Man City,Crystal Palace,3,19,5
E0,22/12/2018,Newcastle,Fulham,0,9,4
E0,22/12/2018,West Ham,Watford,2,18,11
E0,23/12/2018,Everton,Tottenham,6,10,17
E0,26/12/2018,Brighton,Arsenal,1,12,7
E0,26/12/2018,Burnley,Everton,5,11,13
E0,26/12/2018,Crystal Palace,Cardiff,0,31,9
E0,26/12/2018,Fulham,Wolves,1,11,14
E0,26/12/2018,Leicester,Man City,1,10,11
E0,26/12/2018,Liverpool,Newcastle,0,16,6
E0,26/12/2018,Man United,Huddersfield,1,16,10
E0,26/12/2018,Tottenham,Bournemouth,0,10,14
E0,26/12/2018,Watford,Chelsea,2,10,10
E0,27/12/2018,Southampton,West Ham,2,11,16
E0,29/12/2018,Brighton,Everton,0,11,13
E0,29/12/2018,Fulham,Huddersfield,0,14,9
E0,29/12/2018,Leicester,Cardiff,1,16,12
E0,29/12/2018,Liverpool,Arsenal,1,15,8
E0,29/12/2018,Tottenham,Wolves,3,10,11
E0,29/12/2018,Watford,Newcastle,1,12,8
E0,30/12/2018,Burnley,West Ham,0,17,11
E0,30/12/2018,Crystal Palace,Chelsea,1,4,12
E0,30/12/2018,Man United,Bournemouth,1,11,7
E0,30/12/2018,Southampton,Man City,3,5,14
E0,01/01/2019,Arsenal,Fulham,1,16,9
E0,01/01/2019,Cardiff,Tottenham,3,6,13
E0,01/01/2019,Everton,Leicester,1,17,8
E0,02/01/2019,Bournemouth,Watford,3,25,11
E0,02/01/2019,Chelsea,Southampton,0,17,6
E0,02/01/2019,Huddersfield,Burnley,2,9,16
E0,02/01/2019,Newcastle,Man United,2,14,16
E0,02/01/2019,West Ham,Brighton,2,13,13
E0,02/01/2019,Wolves,Crystal Palace,2,9,17
E0,03/01/2019,Man City,Liverpool,1,9,7
E0,12/01/2019,Brighton,Liverpool,1,7,10
E0,12/01/2019,Burnley,Fulham,1,11,12
E0,12/01/2019,Cardiff,Huddersfield,0,3,14
E0,12/01/2019,Chelsea,Newcastle,1,10,9
E0,12/01/2019,Crystal Palace,Watford,2,15,16
E0,12/01/2019,Leicester,Southampton,2,23,8
E0,12/01/2019,West Ham,Arsenal,0,11,11
E0,13/01/2019,Everton,Bournemouth,0,15,16
E0,13/01/2019,Tottenham,Man United,1,21,13
E0,14/01/2019,Man City,Wolves,0,24,3
E0,19/01/2019,Arsenal,Chelsea,0,13,13
E0,19/01/2019,Bournemouth,West Ham,0,10,9
E0,19/01/2019,Liverpool,Crystal Palace,3,19,9
E0,19/01/2019,Man United,Brighton,1,20,7
E0,19/01/2019,Newcastle,Cardiff,0,16,9
E0,19/01/2019,Southampton,Everton,1,11,7
E0,19/01/2019,Watford,Burnley,0,9,11
E0,19/01/2019,Wolves,Leicester,3,12,16
E0,20/01/2019,Fulham,Tottenham,2,12,14
E0,20/01/2019,Huddersfield,Man City,3,5,12
E0,29/01/2019,Arsenal,Cardiff,1,15,19
E0,29/01/2019,Fulham,Brighton,2,24,15
E0,29/01/2019,Huddersfield,Everton,1,10,10
E0,29/01/2019,Man United,Burnley,2,28,6
E0,29/01/2019,Newcastle,Man City,1,6,12
E0,29/01/2019,Wolves,West Ham,0,20,4
E0,30/01/2019,Bournemouth,Chelsea,0,12,11
E0,30/01/2019,Liverpool,Leicester,1,10,5
E0,30/01/2019,Southampton,Crystal Palace,1,13,15
E0,30/01/2019,Tottenham,Watford,1,17,9
E0,02/02/2019,Brighton,Watford,0,21,5
E0,02/02/2019,Burnley,Southampton,1,15,10
E0,02/02/2019,Cardiff,Bournemouth,0,12,9
E0,02/02/2019,Chelsea,Huddersfield,0,23,5
E0,02/02/2019,Crystal Palace,Fulham,0,17,8
E0,02/02/2019,Everton,Wolves,3,13,8
E0,02/02/2019,Tottenham,Newcastle,0,21,8
E0,03/02/2019,Leicester,Man United,1,17,10
E0,03/02/2019,Man City,Arsenal,1,19,4
E0,04/02/2019,West Ham,Liverpool,1,13,11
E0,06/02/2019,Everton,Man City,2,4,15
E0,09/02/2019,Brighton,Burnley,3,16,9
E0,09/02/2019,Crystal Palace,West Ham,1,25,6
E0,09/02/2019,Fulham,Man United,3,15,15
E0,09/02/2019,Huddersfield,Arsenal,2,15,9
E0,09/02/2019,Liverpool,Bournemouth,0,20,12
E0,09/02/2019,Southampton,Cardiff,2,14,6
E0,09/02/2019,Watford,Everton,0,7,9
E0,10/02/2019,Man City,Chelsea,0,15,12
E0,10/02/2019,Tottenham,Leicester,1,12,20
E0,11/02/2019,Wolves,Newcastle,1,22,9
E0,22/02/2019,Cardiff,Watford,5,15,12
E0,22/02/2019,West Ham,Fulham,1,21,8
E0,23/02/2019,Bournemouth,Wolves,1,10,10
E0,23/02/2019,Burnley,Tottenham,1,10,17
E0,23/02/2019,Leicester,Crystal Palace,4,27,7
E0,23/02/2019,Newcastle,Huddersfield,0,29,3
E0,24/02/2019,Arsenal,Southampton,0,12,10
E0,24/02/2019,Man United,Liverpool,0,6,7
E0,26/02/2019,Cardiff,Everton,3,6,12
E0,26/02/2019,Huddersfield,Wolves,0,15,7
E0,26/02/2019,Leicester,Brighton,1,19,15
E0,26/02/2019,Newcastle,Burnley,0,12,12
E0,27/02/2019,Arsenal,Bournemouth,1,16,13
E0,27/02/2019,Chelsea,Tottenham,0,11,9
E0,27/02/2019,Crystal Palace,Man United,3,17,13
E0,27/02/2019,Liverpool,Watford,0,19,5
E0,27/02/2019,Man City,West Ham,0,20,2
E0,27/02/2019,Southampton,Fulham,0,14,14
E0,02/03/2019,Bournemouth,Man City,1,0,23
E0,02/03/2019,Brighton,Huddersfield,0,13,6
E0,02/03/2019,Burnley,Crystal Palace,3,18,10
E0,02/03/2019,Man United,Southampton,2,16,6
E0,02/03/2019,Tottenham,Arsenal,1,10,9
E0,02/03/2019,West Ham,Newcastle,0,10,17
E0,02/03/2019,Wolves,Cardiff,0,13,12
E0,03/03/2019,Everton,Liverpool,0,7,10
E0,03/03/2019,Fulham,Chelsea,2,12,20
E0,03/03/2019,Watford,Leicester,1,6,14
E0,09/03/2019,Cardiff,West Ham,0,16,9
E0,09/03/2019,Crystal Palace,Brighton,2,15,4
E0,09/03/2019,Huddersfield,Bournemouth,2,8,8
E0,09/03/2019,Leicester,Fulham,1,18,6
E0,09/03/2019,Man City,Watford,1,19,2
E0,09/03/2019,Newcastle,Everton,2,19,7
E0,09/03/2019,Southampton,Tottenham,1,12,16
E0,10/03/2019,Arsenal,Man United,0,14,14
E0,10/03/2019,Chelsea,Wolves,1,22,2
E0,10/03/2019,Liverpool,Burnley,2,23,3
E0,16/03/2019,Bournemouth,Newcastle,2,10,12
E0,16/03/2019,Burnley,Leicester,2,13,9
E0,16/03/2019,West Ham,Huddersfield,3,16,15
E0,17/03/2019,Everton,Chelsea,0,15,16
E0,17/03/2019,Fulham,Liverpool,2,7,16
E0,30/03/2019,Brighton,Southampton,1,14,8
E0,30/03/2019,Burnley,Wolves,0,5,8
E0,30/03/2019,Crystal Palace,Huddersfield,0,19,15
E0,30/03/2019,Fulham,Man City,2,5,24
E0,30/03/2019,Leicester,Bournemouth,0,18,8
E0,30/03/2019,Man United,Watford,1,8,20
E0,30/03/2019,West Ham,Everton,2,3,17
E0,31/03/2019,Cardiff,Chelsea,2,8,21
E0,31/03/2019,Liverpool,Tottenham,1,14,11
E0,01/04/2019,Arsenal,Newcastle,0,7,3
E0,02/04/2019,Watford,Fulham,1,15,17
E0,02/04/2019,Wolves,Man United,1,9,18
E0,03/04/2019,Chelsea,Brighton,0,17,3
E0,03/04/2019,Man City,Cardiff,0,27,4
E0,03/04/2019,Tottenham,Crystal Palace,0,26,5
E0,05/04/2019,Southampton,Liverpool,3,11,17
E0,06/04/2019,Bournemouth,Burnley,3,10,11
E0,06/04/2019,Huddersfield,Leicester,4,10,18
E0,06/04/2019,Newcastle,Crystal Palace,1,18,3
E0,07/04/2019,Everton,Arsenal,0,23,7
E0,08/04/2019,Chelsea,West Ham,0,16,9
E0,12/04/2019,Leicester,Newcastle,1,12,11
E0,13/04/2019,Brighton,Bournemouth,5,8,14
E0,13/04/2019,Burnley,Cardiff,0,14,14
E0,13/04/2019,Fulham,Everton,0,12,8
E0,13/04/2019,Man United,West Ham,1,14,18
E0,13/04/2019,Southampton,Wolves,1,13,17
E0,13/04/2019,Tottenham,Huddersfield,0,22,7
E0,14/04/2019,Crystal Palace,Man City,3,7,20
E0,14/04/2019,Liverpool,Chelsea,0,15,6
E0,15/04/2019,Watford,Arsenal,1,11,19
E0,16/04/2019,Brighton,Cardiff,2,14,10
E0,20/04/2019,Bournemouth,Fulham,1,15,17
E0,20/04/2019,Huddersfield,Watford,2,13,11
E0,20/04/2019,Man City,Tottenham,0,15,10
E0,20/04/2019,Newcastle,Southampton,1,15,15
E0,20/04/2019,West Ham,Leicester,2,11,11
E0,20/04/2019,Wolves,Brighton,0,22,5
E0,21/04/2019,Arsenal,Crystal Palace,3,12,16
E0,21/04/2019,Cardiff,Liverpool,2,7,17
E0,21/04/2019,Everton,Man United,0,15,7
E0,22/04/2019,Chelsea,Burnley,2,22,6
E0,23/04/2019,Tottenham,Brighton,0,29,6
E0,23/04/2019,Watford,Southampton,1,15,8
E0,24/04/2019,Man United,Man City,2,12,8
E0,24/04/2019,Wolves,Arsenal,1,11,11
E0,26/04/2019,Liverpool,Huddersfield,0,21,5
E0,27/04/2019,Brighton,Newcastle,1,9,9
E0,27/04/2019,Crystal Palace,Everton,0,8,22
E0,27/04/2019,Fulham,Cardiff,0,8,13
E0,27/04/2019,Southampton,Bournemouth,3,22,9
E0,27/04/2019,Tottenham,West Ham,1,14,16
E0,27/04/2019,Watford,Wolves,2,10,11
E0,28/04/2019,Burnley,Man City,1,2,25
E0,28/04/2019,Leicester,Arsenal,0,24,6
E0,28/04/2019,Man United,Chelsea,1,7,16
E0,03/05/2019,Everton,Burnley,0,20,5
E0,04/05/2019,Bournemouth,Tottenham,0,20,11
E0,04/05/2019,Cardiff,Crystal Palace,3,18,21
E0,04/05/2019,Newcastle,Liverpool,3,14,11
E0,04/05/2019,West Ham,Southampton,0,17,11
E0,04/05/2019,Wolves,Fulham,0,19,6
E0,05/05/2019,Arsenal,Brighton,1,20,11
E0,05/05/2019,Chelsea,Watford,0,19,15
E0,05/05/2019,Huddersfield,Man United,1,7,23
E0,06/05/2019,Man City,Leicester,0,19,7
E0,12/05/2019,Brighton,Man City,4,6,20
E0,12/05/2019,Burnley,Arsenal,3,14,17
E0,12/05/2019,Crystal Palace,Bournemouth,3,17,16
E0,12/05/2019,Fulham,Newcastle,4,16,13
E0,12/05/2019,Leicester,Chelsea,0,9,14
E0,12/05/2019,Liverpool,Wolves,0,13,7
E0,12/05/2019,Man United,Cardiff,2,26,13
E0,12/05/2019,Southampton,Huddersfield,1,10,10
E0,12/05/2019,Tottenham,Everton,2,11,17
E0,12/05/2019,Watford,West Ham,4,17,16
E0,09/08/2019,Liverpool,Norwich,1,15,12
E0,10/08/2019,West Ham,Man City,5,5,14
E0,10/08/2019,Bournemouth,Sheffield United,1,13,8
E0,10/08/2019,Burnley,Southampton,0,10,11
E0,10/08/2019,Crystal Palace,Everton,0,6,10
E0,10/08/2019,Watford,Brighton,3,11,5
E0,10/08/2019,Tottenham,Aston Villa,1,31,7
E0,11/08/2019,Leicester,Wolves,0,15,8
E0,11/08/2019,Newcastle,Arsenal,1,9,8
E0,11/08/2019,Man United,Chelsea,0,11,18
E0,17/08/2019,Arsenal,Burnley,1,16,18
E0,17/08/2019,Aston Villa,Bournemouth,2,22,12
E0,17/08/2019,Brighton,West Ham,1,16,8
E0,17/08/2019,Everton,Watford,0,12,8
E0,17/08/2019,Norwich,Newcastle,1,15,10
E0,17/08/2019,Southampton,Liverpool,2,14,15
E0,17/08/2019,Man City,Tottenham,2,30,3
E0,18/08/2019,Sheffield United,Crystal Palace,0,15,6
E0,18/08/2019,Chelsea,Leicester,1,14,12
E0,19/08/2019,Wolves,Man United,1,6,9
E0,23/08/2019,Aston Villa,Everton,0,7,12
E0,24/08/2019,Norwich,Chelsea,3,6,23
E0,24/08/2019,Brighton,Southampton,2,12,12
E0,24/08/2019,Man United,Crystal Palace,2,22,5
E0,24/08/2019,Sheffield United,Leicester,2,8,10
E0,24/08/2019,Watford,West Ham,3,23,16
E0,24/08/2019,Liverpool,Arsenal,1,25,9
E0,25/08/2019,Bournemouth,Man City,3,10,19
E0,25/08/2019,Tottenham,Newcastle,1,17,8
E0,25/08/2019,Wolves,Burnley,1,17,13
E0,31/08/2019,Southampton,Man United,1,10,21
E0,31/08/2019,Chelsea,Sheffield United,2,13,8
E0,31/08/2019,Crystal Palace,Aston Villa,0,22,10
E0,31/08/2019,Leicester,Bournemouth,1,13,8
E0,31/08/2019,Man City,Brighton,0,15,6
E0,31/08/2019,Newcastle,Watford,1,13,13
E0,31/08/2019,West Ham,Norwich,0,18,8
E0,31/08/2019,Burnley,Liverpool,3,7,15
E0,01/09/2019,Everton,Wolves,2,15,8
E0,01/09/2019,Arsenal,Tottenham,2,26,13
E0,14/09/2019,Liverpool,Newcastle,1,21,8
E0,14/09/2019,Brighton,Burnley,1,14,7
E0,14/09/2019,Man United,Leicester,0,10,9
E0,14/09/2019,Sheffield United,Southampton,1,17,11
E0,14/09/2019,Tottenham,Crystal Palace,0,13,11
E0,14/09/2019,Wolves,Chelsea,5,11,15
E0,14/09/2019,Norwich,Man City,2,7,25
E0,15/09/2019,Bournemouth,Everton,1,13,14
E0,15/09/2019,Watford,Arsenal,2,31,10
E0,16/09/2019,Aston Villa,West Ham,0,10,13
E0,20/09/2019,Southampton,Bournemouth,3,25,6
E0,21/09/2019,Leicester,Tottenham,1,16,11
E0,21/09/2019,Burnley,Norwich,0,13,11
E0,21/09/2019,Everton,Sheffield United,2,16,2
E0,21/09/2019,Man City,Watford,0,28,5
E0,21/09/2019,Newcastle,Brighton,0,11,16
E0,22/09/2019,Crystal Palace,Wolves,1,13,14
E0,22/09/2019,West Ham,Man United,0,8,9
E0,22/09/2019,Arsenal,Aston Villa,2,21,14
E0,22/09/2019,Chelsea,Liverpool,2,13,6
E0,28/09/2019,Sheffield United,Liverpool,1,12,16
E0,28/09/2019,Aston Villa,Burnley,2,16,10
E0,28/09/2019,Bournemouth,West Ham,2,13,17
E0,28/09/2019,Chelsea,Brighton,0,24,8
E0,28/09/2019,Crystal Palace,Norwich,0,15,10
E0,28/09/2019,Tottenham,Southampton,1,9,14
E0,28/09/2019,Wolves,Watford,0,6,14
E0,28/09/2019,Everton,Man City,3,12,20
E0,29/09/2019,Leicester,Newcastle,0,13,3
E0,30/09/2019,Man United,Arsenal,1,16,10
E0,05/10/2019,Brighton,Tottenham,0,17,8
E0,05/10/2019,Burnley,Everton,0,9,11
E0,05/10/2019,Liverpool,Leicester,1,18,2
E0,05/10/2019,Norwich,Aston Villa,5,21,22
E0,05/10/2019,Watford,Sheffield United,0,8,9
E0,05/10/2019,West Ham,Crystal Palace,2,9,7
E0,06/10/2019,Arsenal,Bournemouth,0,12,10
E0,06/10/2019,Man City,Wolves,2,18,7
E0,06/10/2019,Southampton,Chelsea,4,10,13
E0,06/10/2019,Newcastle,Man United,0,12,12
E0,19/10/2019,Everton,West Ham,0,19,8
E0,19/10/2019,Aston Villa,Brighton,1,24,20
E0,19/10/2019,Bournemouth,Norwich,0,11,10
E0,19/10/2019,Chelsea,Newcastle,0,16,5
E0,19/10/2019,Leicester,Burnley,1,19,13
E0,19/10/2019,Tottenham,Watford,1,12,7
E0,19/10/2019,Wolves,Southampton,1,4,14
E0,19/10/2019,Crystal Palace,Man City,2,7,21
E0,20/10/2019,Man United,Liverpool,1,7,10
E0,21/10/2019,Sheffield United,Arsenal,0,8,9
E0,25/10/2019,Southampton,Leicester,9,6,25
E0,26/10/2019,Man City,Aston Villa,0,25,11
E0,26/10/2019,Brighton,Everton,2,8,10
E0,26/10/2019,Watford,Bournemouth,0,7,15
E0,26/10/2019,West Ham,Sheffield United,1,12,10
E0,26/10/2019,Burnley,Chelsea,4,13,16
E0,27/10/2019,Newcastle,Wolves,1,13,13
E0,27/10/2019,Arsenal,Crystal Palace,2,15,10
E0,27/10/2019,Liverpool,Tottenham,1,21,11
E0,27/10/2019,Norwich,Man United,3,10,21
E0,02/11/2019,Bournemouth,Man United,0,12,15
E0,02/11/2019,Arsenal,Wolves,1,10,25
E0,02/11/2019,Aston Villa,Liverpool,2,5,25
E0,02/11/2019,Brighton,Norwich,0,21,7
E0,02/11/2019,Man City,Southampton,1,26,3
E0,02/11/2019,Sheffield United,Burnley,0,13,6
E0,02/11/2019,West Ham,Newcastle,3,16,12
E0,02/11/2019,Watford,Chelsea,2,12,16
E0,03/11/2019,Crystal Palace,Leicester,2,12,14
E0,03/11/2019,Everton,Tottenham,1,7,4
E0,08/11/2019,Norwich,Watford,2,17,12
E0,09/11/2019,Chelsea,Crystal Palace,0,23,3
E0,09/11/2019,Burnley,West Ham,0,14,7
E0,09/11/2019,Newcastle,Bournemouth,1,20,16
E0,09/11/2019,Southampton,Everton,2,4,24
E0,09/11/2019,Tottenham,Sheffield United,1,17,14
E0,09/11/2019,Leicester,Arsenal,0,19,8
E0,10/11/2019,Man United,Brighton,1,21,6
E0,10/11/2019,Wolves,Aston Villa,1,17,13
E0,10/11/2019,Liverpool,Man City,1,12,18
E0,23/11/2019,West Ham,Tottenham,3,11,15
E0,23/11/2019,Arsenal,Southampton,2,12,21
E0,23/11/2019,Bournemouth,Wolves,2,9,17
E0,23/11/2019,Brighton,Leicester,2,7,19
E0,23/11/2019,Crystal Palace,Liverpool,2,16,12
E0,23/11/2019,Everton,Norwich,2,18,13
E0,23/11/2019,Watford,Burnley,3,15,11
E0,23/11/2019,Man City,Chelsea,1,15,11
E0,24/11/2019,Sheffield United,Man United,3,12,11
E0,25/11/2019,Aston Villa,Newcastle,0,17,11
E0,30/11/2019,Newcastle,Man City,2,6,24
E0,30/11/2019,Burnley,Crystal Palace,2,15,7
E0,30/11/2019,Chelsea,West Ham,1,19,5
E0,30/11/2019,Liverpool,Brighton,1,15,12
E0,30/11/2019,Tottenham,Bournemouth,2,15,20
E0,30/11/2019,Southampton,Watford,1,11,6
E0,01/12/2019,Norwich,Arsenal,2,15,16
E0,01/12/2019,Wolves,Sheffield United,1,13,9
E0,01/12/2019,Leicester,Everton,1,16,11
E0,01/12/2019,Man United,Aston Villa,2,16,9
E0,03/12/2019,Crystal Palace,Bournemouth,0,7,6
E0,03/12/2019,Burnley,Man City,4,4,17
E0,04/12/2019,Chelsea,Aston Villa,1,25,9
E0,04/12/2019,Leicester,Watford,0,12,4
E0,04/12/2019,Man United,Tottenham,1,12,8
E0,04/12/2019,Southampton,Norwich,1,14,10
E0,04/12/2019,Wolves,West Ham,0,13,6
E0,04/12/2019,Liverpool,Everton,2,11,12
E0,05/12/2019,Sheffield United,Newcastle,2,13,6
E0,05/12/2019,Arsenal,Brighton,2,12,20
E0,07/12/2019,Everton,Chelsea,1,13,15
E0,07/12/2019,Bournemouth,Liverpool,3,3,21
E0,07/12/2019,Tottenham,Burnley,0,13,7
E0,07/12/2019,Watford,Crystal Palace,0,13,3
E0,07/12/2019,Man City,Man United,2,22,11
E0,08/12/2019,Aston Villa,Leicester,4,15,23
E0,08/12/2019,Newcastle,Southampton,1,12,19
E0,08/12/2019,Norwich,Sheffield United,2,14,9
E0,08/12/2019,Brighton,Wolves,2,13,13
E0,09/12/2019,West Ham,Arsenal,3,11,10
E0,14/12/2019,Liverpool,Watford,0,16,8
E0,14/12/2019,Burnley,Newcastle,0,7,9
E0,14/12/2019,Chelsea,Bournemouth,1,18,11
E0,14/12/2019,Leicester,Norwich,1,18,10
E0,14/12/2019,Sheffield United,Aston Villa,0,7,8
E0,14/12/2019,Southampton,West Ham,1,11,11
E0,15/12/2019,Man United,Everton,1,24,8
E0,15/12/2019,Wolves,Tottenham,2,18,9
E0,15/12/2019,Arsenal,Man City,3,6,14
E0,16/12/2019,Crystal Palace,Brighton,1,11,15
E0,21/12/2019,Everton,Arsenal,0,9,6
E0,21/12/2019,Aston Villa,Southampton,3,19,17
E0,21/12/2019,Bournemouth,Burnley,1,3,2
E0,21/12/2019,Brighton,Sheffield United,1,9,7
E0,21/12/2019,Newcastle,Crystal Palace,0,8,16
E0,21/12/2019,Norwich,Wolves,2,13,14
E0,21/12/2019,Man City,Leicester,1,23,5
E0,22/12/2019,Watford,Man United,0,11,17
E0,22/12/2019,Tottenham,Chelsea,2,5,13
E0,26/12/2019,Tottenham,Brighton,1,11,11
E0,26/12/2019,Aston Villa,Norwich,0,11,16
E0,26/12/2019,Bournemouth,Arsenal,1,12,17
E0,26/12/2019,Chelsea,Southampton,2,10,5
E0,26/12/2019,Crystal Palace,West Ham,1,13,10
E0,26/12/2019,Everton,Burnley,0,21,6
E0,26/12/2019,Sheffield United,Watford,1,16,5
E0,26/12/2019,Man United,Newcastle,1,22,7
E0,26/12/2019,Leicester,Liverpool,4,3,15
E0,27/12/2019,Wolves,Man City,2,20,7
E0,28/12/2019,Brighton,Bournemouth,0,16,10
E0,28/12/2019,Newcastle,Everton,2,20,22
E0,28/12/2019,Southampton,Crystal Palace,1,14,5
E0,28/12/2019,Watford,Aston Villa,0,20,11
E0,28/12/2019,Norwich,Tottenham,2,5,15
E0,28/12/2019,West Ham,Leicester,2,14,13
E0,28/12/2019,Burnley,Man United,2,8,14
E0,29/12/2019,Arsenal,Chelsea,2,7,13
E0,29/12/2019,Liverpool,Wolves,0,10,10
E0,29/12/2019,Man City,Sheffield United,0,16,8
E0,01/01/2020,Brighton,Chelsea,1,16,16
E0,01/01/2020,Burnley,Aston Villa,2,20,11
E0,01/01/2020,Newcastle,Leicester,3,5,17
E0,01/01/2020,Southampton,Tottenham,0,12,11
E0,01/01/2020,Watford,Wolves,1,9,16
E0,01/01/2020,Man City,Everton,1,16,7
E0,01/01/2020,Norwich,Crystal Palace,1,15,12
E0,01/01/2020,West Ham,Bournemouth,0,14,3
E0,01/01/2020,Arsenal,Man United,0,10,10
E0,02/01/2020,Liverpool,Sheffield United,0,19,3
E0,10/01/2020,Sheffield United,West Ham,0,13,7
E0,11/01/2020,Crystal Palace,Arsenal,1,6,7
E0,11/01/2020,Chelsea,Burnley,0,18,7
E0,11/01/2020,Everton,Brighton,0,14,9
E0,11/01/2020,Leicester,Southampton,2,5,16
E0,11/01/2020,Man United,Norwich,0,13,8
E0,11/01/2020,Wolves,Newcastle,1,9,5
E0,11/01/2020,Tottenham,Liverpool,1,14,13
E0,12/01/2020,Bournemouth,Watford,3,10,18
E0,12/01/2020,Aston Villa,Man City,6,7,22
E0,18/01/2020,Watford,Tottenham,0,15,17
E0,18/01/2020,Arsenal,Sheffield United,1,11,12
E0,18/01/2020,Brighton,Aston Villa,1,10,8
E0,18/01/2020,Man City,Crystal Palace,2,25,5
E0,18/01/2020,Norwich,Bournemouth,0,16,6
E0,18/01/2020,Southampton,Wolves,3,11,8
E0,18/01/2020,West Ham,Everton,1,12,11
E0,18/01/2020,Newcastle,Chelsea,0,7,19
E0,19/01/2020,Burnley,Leicester,1,8,18
E0,19/01/2020,Liverpool,Man United,0,16,9
E0,21/01/2020,Aston Villa,Watford,1,16,8
E0,21/01/2020,Bournemouth,Brighton,1,11,21
E0,21/01/2020,Crystal Palace,Southampton,2,6,15
E0,21/01/2020,Everton,Newcastle,2,17,8
E0,21/01/2020,Sheffield United,Man City,1,4,18
E0,21/01/2020,Chelsea,Arsenal,2,19,2
E0,22/01/2020,Leicester,West Ham,1,19,6
E0,22/01/2020,Tottenham,Norwich,1,14,12
E0,22/01/2020,Man United,Burnley,2,24,5
E0,23/01/2020,Wolves,Liverpool,2,10,13
E0,29/01/2020,West Ham,Liverpool,2,7,13
E0,01/02/2020,Leicester,Chelsea,2,14,7
E0,01/02/2020,Bournemouth,Aston Villa,1,16,18
E0,01/02/2020,Crystal Palace,Sheffield United,1,13,10
E0,01/02/2020,Liverpool,Southampton,0,16,17
E0,01/02/2020,Newcastle,Norwich,0,15,19
E0,01/02/2020,Watford,Everton,3,11,12
E0,01/02/2020,West Ham,Brighton,3,12,19
E0,01/02/2020,Man United,Wolves,0,15,14
E0,02/02/2020,Burnley,Arsenal,0,15,13
E0,02/02/2020,Tottenham,Man City,0,3,18
E0,08/02/2020,Everton,Crystal Palace,1,14,10
E0,08/02/2020,Brighton,Watford,1,10,5
E0,09/02/2020,Sheffield United,Bournemouth,1,16,10
E0,14/02/2020,Wolves,Leicester,0,15,9
E0,15/02/2020,Southampton,Burnley,2,10,9
E0,15/02/2020,Norwich,Liverpool,1,5,17
E0,16/02/2020,Aston Villa,Tottenham,3,18,23
E0,16/02/2020,Arsenal,Newcastle,0,15,10
E0,17/02/2020,Chelsea,Man United,2,17,9
E0,19/02/2020,Man City,West Ham,0,20,3
E0,22/02/2020,Chelsea,Tottenham,1,17,5
E0,22/02/2020,Burnley,Bournemouth,0,16,12
E0,22/02/2020,Crystal Palace,Newcastle,0,18,8
E0,22/02/2020,Sheffield United,Brighton,1,14,8
E0,22/02/2020,Southampton,Aston Villa,0,28,4
E0,22/02/2020,Leicester,Man City,1,10,18
E0,23/02/2020,Man United,Watford,0,21,7
E0,23/02/2020,Wolves,Norwich,0,19,6
E0,23/02/2020,Arsenal,Everton,2,9,17
E0,24/02/2020,Liverpool,West Ham,2,25,7
E0,28/02/2020,Norwich,Leicester,0,11,19
E0,29/02/2020,Brighton,Crystal Palace,1,24,12
E0,29/02/2020,Bournemouth,Chelsea,2,9,23
E0,29/02/2020,Newcastle,Burnley,0,21,8
E0,29/02/2020,West Ham,Southampton,1,14,10
E0,29/02/2020,Watford,Liverpool,0,14,7
E0,01/03/2020,Everton,Man United,1,16,14
E0,01/03/2020,Tottenham,Wolves,3,13,14
E0,07/03/2020,Liverpool,Bournemouth,1,14,6
E0,07/03/2020,Arsenal,West Ham,0,9,14
E0,07/03/2020,Crystal Palace,Watford,0,10,10
E0,07/03/2020,Sheffield United,Norwich,0,10,12
E0,07/03/2020,Southampton,Newcastle,1,6,14
E0,07/03/2020,Wolves,Brighton,0,11,7
E0,07/03/2020,Burnley,Tottenham,1,21,13
E0,08/03/2020,Chelsea,Everton,0,17,3
E0,08/03/2020,Man United,Man City,0,12,7
E0,09/03/2020,Leicester,Aston Villa,0,15,4
E0,17/06/2020,Aston Villa,Sheffield United,0,14,5
E0,17/06/2020,Man City,Arsenal,0,20,3
E0,19/06/2020,Norwich,Southampton,3,9,22
E0,19/06/2020,Tottenham,Man United,1,10,12
E0,20/06/2020,Watford,Leicester,1,8,15
E0,20/06/2020,Brighton,Arsenal,1,9,13
E0,20/06/2020,West Ham,Wolves,2,7,10
E0,20/06/2020,Bournemouth,Crystal Palace,2,12,7
E0,21/06/2020,Newcastle,Sheffield United,0,12,7
E0,21/06/2020,Aston Villa,Chelsea,2,8,19
E0,21/06/2020,Everton,Liverpool,0,9,10
E0,22/06/2020,Man City,Burnley,0,19,1
E0,23/06/2020,Leicester,Brighton,0,11,10
E0,23/06/2020,Tottenham,West Ham,0,15,10
E0,24/06/2020,Man United,Sheffield United,0,15,4
E0,24/06/2020,Newcastle,Aston Villa,1,13,14
E0,24/06/2020,Norwich,Everton,1,9,12
E0,24/06/2020,Wolves,Bournemouth,0,10,4
E0,24/06/2020,Liverpool,Crystal Palace,0,21,3
E0,25/06/2020,Burnley,Watford,0,9,10
E0,25/06/2020,Southampton,Arsenal,2,12,10
E0,25/06/2020,Chelsea,Man City,1,15,11
E0,27/06/2020,Aston Villa,Wolves,1,11,9
E0,28/06/2020,Watford,Southampton,3,8,11
E0,29/06/2020,Crystal Palace,Burnley,1,17,8
E0,30/06/2020,Brighton,Man United,3,8,12
E0,01/07/2020,Arsenal,Norwich,0,13,8
E0,01/07/2020,Bournemouth,Newcastle,4,12,12
E0,01/07/2020,Everton,Leicester,1,7,15
E0,01/07/2020,West Ham,Chelsea,2,10,17
E0,02/07/2020,Sheffield United,Tottenham,1,7,9
E0,02/07/2020,Man City,Liverpool,0,14,11
E0,04/07/2020,Norwich,Brighton,1,12,8
E0,04/07/2020,Leicester,Crystal Palace,0,15,7
E0,04/07/2020,Man United,Bournemouth,2,19,7
E0,04/07/2020,Wolves,Arsenal,2,10,8
E0,04/07/2020,Chelsea,Watford,0,21,7
E0,05/07/2020,Burnley,Sheffield United,1,9,10
E0,05/07/2020,Newcastle,West Ham,2,11,17
E0,05/07/2020,Liverpool,Aston Villa,0,6,9
E0,05/07/2020,Southampton,Man City,0,8,26
E0,06/07/2020,Tottenham,Everton,0,12,11
E0,07/07/2020,Crystal Palace,Chelsea,3,13,14
E0,07/07/2020,Watford,Norwich,1,9,12
E0,07/07/2020,Arsenal,Leicester,1,11,13
E0,08/07/2020,Man City,Newcastle,0,23,6
E0,08/07/2020,Sheffield United,Wolves,0,7,6
E0,08/07/2020,West Ham,Burnley,1,21,8
E0,08/07/2020,Brighton,Liverpool,3,12,19
E0,09/07/2020,Bournemouth,Tottenham,0,9,9
E0,09/07/2020,Everton,Southampton,1,11,17
E0,09/07/2020,Aston Villa,Man United,3,9,14
E0,11/07/2020,Norwich,West Ham,4,11,19
E0,11/07/2020,Watford,Newcastle,1,17,8
E0,11/07/2020,Liverpool,Burnley,1,23,6
E0,11/07/2020,Sheffield United,Chelsea,0,9,15
E0,11/07/2020,Brighton,Man City,5,3,26
E0,12/07/2020,Wolves,Everton,0,14,6
E0,12/07/2020,Aston Villa,Crystal Palace,0,12,9
E0,12/07/2020,Tottenham,Arsenal,1,15,13
E0,12/07/2020,Bournemouth,Leicester,1,10,13
E0,13/07/2020,Man United,Southampton,2,8,9
E0,14/07/2020,Chelsea,Norwich,0,22,2
E0,15/07/2020,Burnley,Wolves,1,9,14
E0,15/07/2020,Man City,Bournemouth,1,8,15
E0,15/07/2020,Newcastle,Tottenham,3,22,8
E0,15/07/2020,Arsenal,Liverpool,1,3,24
E0,16/07/2020,Everton,Aston Villa,1,9,15
E0,16/07/2020,Leicester,Sheffield United,0,15,5
E0,16/07/2020,Crystal Palace,Man United,2,13,17
E0,16/07/2020,Southampton,Brighton,1,21,10
E0,17/07/2020,West Ham,Watford,1,10,14
E0,18/07/2020,Norwich,Burnley,2,6,23
E0,19/07/2020,Bournemouth,Southampton,2,11,16
E0,19/07/2020,Tottenham,Leicester,0,7,24
E0,20/07/2020,Brighton,Newcastle,0,11,12
E0,20/07/2020,Sheffield United,Everton,1,8,5
E0,20/07/2020,Wolves,Crystal Palace,0,11,7
E0,21/07/2020,Watford,Man City,4,2,26
E0,21/07/2020,Aston Villa,Arsenal,0,8,7
E0,22/07/2020,Man United,West Ham,1,11,12
E0,22/07/2020,Liverpool,Chelsea,3,10,10
E0,26/07/2020,Arsenal,Watford,2,13,19
E0,26/07/2020,Burnley,Brighton,2,13,14
E0,26/07/2020,Chelsea,Wolves,0,11,5
E0,26/07/2020,Crystal Palace,Tottenham,1,13,7
E0,26/07/2020,Everton,Bournemouth,3,13,13
E0,26/07/2020,Leicester,Man United,2,14,7
E0,26/07/2020,Man City,Norwich,0,31,5
E0,26/07/2020,Newcastle,Liverpool,3,3,14
E0,26/07/2020,Southampton,Sheffield United,1,13,5
E0,26/07/2020,West Ham,Aston Villa,1,10,13
E0,12/09/2020,Fulham,Arsenal,3,5,13
E0,12/09/2020,Crystal Palace,Southampton,0,5,9
E0,12/09/2020,Liverpool,Leeds,3,22,6
E0,12/09/2020,West Ham,Newcastle,2,15,15
E0,13/09/2020,West Brom,Leicester,3,7,13
E0,13/09/2020,Tottenham,Everton,1,9,15
E0,14/09/2020,Brighton,Chelsea,3,13,10
E0,14/09/2020,Sheffield United,Wolves,2,9,11
E0,19/09/2020,Everton,West Brom,2,17,6
E0,19/09/2020,Leeds,Fulham,3,10,14
E0,19/09/2020,Man United,Crystal Palace,3,13,14
E0,19/09/2020,Arsenal,West Ham,1,7,14
E0,20/09/2020,Southampton,Tottenham,5,14,9
E0,20/09/2020,Newcastle,Brighton,3,6,13
E0,20/09/2020,Chelsea,Liverpool,2,5,18
E0,20/09/2020,Leicester,Burnley,2,14,16
E0,21/09/2020,Aston Villa,Sheffield United,0,18,4
E0,21/09/2020,Wolves,Man City,3,10,14
E0,26/09/2020,Brighton,Man United,3,18,7
E0,26/09/2020,Crystal Palace,Everton,2,8,10
E0,26/09/2020,West Brom,Chelsea,3,9,22
E0,26/09/2020,Burnley,Southampton,1,10,5
E0,27/09/2020,Sheffield United,Leeds,1,14,17
E0,27/09/2020,Tottenham,Newcastle,1,23,6
E0,27/09/2020,Man City,Leicester,5,16,7
E0,27/09/2020,West Ham,Wolves,0,15,11
E0,28/09/2020,Fulham,Aston Villa,3,16,12
E0,28/09/2020,Liverpool,Arsenal,1,21,4
E0,03/10/2020,Chelsea,Crystal Palace,0,17,4
E0,03/10/2020,Everton,Brighton,2,11,11
E0,03/10/2020,Leeds,Man City,1,12,23
E0,03/10/2020,Newcastle,Burnley,1,10,7
E0,04/10/2020,Leicester,West Ham,3,4,14
E0,04/10/2020,Southampton,West Brom,0,13,5
E0,04/10/2020,Arsenal,Sheffield United,1,6,6
E0,04/10/2020,Wolves,Fulham,0,14,10
E0,04/10/2020,Man United,Tottenham,6,5,22
E0,04/10/2020,Aston Villa,Liverpool,2,18,14
E0,17/10/2020,Everton,Liverpool,2,11,22
E0,17/10/2020,Chelsea,Southampton,3,11,13
E0,17/10/2020,Man City,Arsenal,0,13,11
E0,17/10/2020,Newcastle,Man United,4,7,28
E0,18/10/2020,Sheffield United,Fulham,1,10,15
E0,18/10/2020,Crystal Palace,Brighton,1,1,20
E0,18/10/2020,Tottenham,West Ham,3,11,13
E0,18/10/2020,Leicester,Aston Villa,1,11,10
E0,19/10/2020,West Brom,Burnley,0,13,9
E0,19/10/2020,Leeds,Wolves,1,13,7
E0,23/10/2020,Aston Villa,Leeds,3,12,27
E0,24/10/2020,West Ham,Man City,1,6,14
E0,24/10/2020,Fulham,Crystal Palace,2,16,14
E0,24/10/2020,Man United,Chelsea,0,14,6
E0,24/10/2020,Liverpool,Sheffield United,1,17,13
E0,25/10/2020,Southampton,Everton,0,12,6
E0,25/10/2020,Wolves,Newcastle,1,16,5
E0,25/10/2020,Arsenal,Leicester,1,12,6
E0,26/10/2020,Brighton,West Brom,1,5,9
E0,26/10/2020,Burnley,Tottenham,1,13,9
E0,30/10/2020,Wolves,Crystal Palace,0,15,11
E0,31/10/2020,Sheffield United,Man City,1,5,16
E0,31/10/2020,Burnley,Chelsea,3,5,14
E0,31/10/2020,Liverpool,West Ham,1,9,4
E0,01/11/2020,Aston Villa,Southampton,4,19,9
E0,01/11/2020,Newcastle,Everton,1,11,15
E0,01/11/2020,Man United,Arsenal,1,8,7
E0,01/11/2020,Tottenham,Brighton,1,9,6
E0,02/11/2020,Fulham,West Brom,0,13,10
E0,02/11/2020,Leeds,Leicester,4,11,10
E0,06/11/2020,Brighton,Burnley,0,19,4
E0,06/11/2020,Southampton,Newcastle,0,15,4
E0,07/11/2020,Everton,Man United,3,7,13
E0,07/11/2020,Crystal Palace,Leeds,1,10,9
E0,07/11/2020,Chelsea,Sheffield United,1,20,6
E0,07/11/2020,West Ham,Fulham,0,16,13
E0,08/11/2020,West Brom,Tottenham,1,12,19
E0,08/11/2020,Leicester,Wolves,0,10,7
E0,08/11/2020,Man City,Liverpool,1,7,10
E0,08/11/2020,Arsenal,Aston Villa,3,13,15
E0,21/11/2020,Newcastle,Chelsea,2,8,14
E0,21/11/2020,Aston Villa,Brighton,2,15,7
E0,21/11/2020,Tottenham,Man City,0,4,22
E0,21/11/2020,Man United,West Brom,0,17,7
E0,22/11/2020,Fulham,Everton,3,14,9
E0,22/11/2020,Sheffield United,West Ham,1,9,15
E0,22/11/2020,Leeds,Arsenal,0,25,9
E0,22/11/2020,Liverpool,Leicester,0,24,11
E0,23/11/2020,Burnley,Crystal Palace,0,10,15
E0,23/11/2020,Wolves,Southampton,1,20,7
E0,27/11/2020,Crystal Palace,Newcastle,2,12,14
E0,28/11/2020,Brighton,Liverpool,1,11,6
E0,28/11/2020,Man City,Burnley,0,19,9
E0,28/11/2020,Everton,Leeds,1,15,23
E0,28/11/2020,West Brom,Sheffield United,0,17,21
E0,29/11/2020,Southampton,Man United,3,10,15
E0,29/11/2020,Chelsea,Tottenham,0,13,5
E0,29/11/2020,Arsenal,Wolves,2,13,11
E0,30/11/2020,Leicester,Fulham,2,16,10
E0,30/11/2020,West Ham,Aston Villa,1,6,16
E0,05/12/2020,Burnley,Everton,1,8,13
E0,05/12/2020,Man City,Fulham,0,16,6
E0,05/12/2020,West Ham,Man United,3,19,15
E0,05/12/2020,Chelsea,Leeds,1,23,8
E0,06/12/2020,West Brom,Crystal Palace,5,9,18
E0,06/12/2020,Sheffield United,Leicester,2,4,13
E0,06/12/2020,Tottenham,Arsenal,0,6,11
E0,06/12/2020,Liverpool,Wolves,0,11,9
E0,07/12/2020,Brighton,Southampton,2,12,10
E0,11/12/2020,Leeds,West Ham,2,13,19
E0,12/12/2020,Wolves,Aston Villa,1,16,13
E0,12/12/2020,Newcastle,West Brom,1,12,13
E0,12/12/2020,Man United,Man City,0,11,9
E0,12/12/2020,Everton,Chelsea,0,9,10
E0,13/12/2020,Southampton,Sheffield United,0,16,3
E0,13/12/2020,Crystal Palace,Tottenham,1,16,14
E0,13/12/2020,Fulham,Liverpool,1,10,12
E0,13/12/2020,Arsenal,Burnley,1,18,10
E0,13/12/2020,Leicester,Brighton,0,15,12
E0,15/12/2020,Wolves,Chelsea,1,12,13
E0,15/12/2020,Man City,West Brom,1,26,5
E0,16/12/2020,Arsenal,Southampton,1,9,13
E0,16/12/2020,Leeds,Newcastle,2,25,10
E0,16/12/2020,Leicester,Everton,2,14,11
E0,16/12/2020,Fulham,Brighton,0,9,9
E0,16/12/2020,Liverpool,Tottenham,1,17,8
E0,16/12/2020,West Ham,Crystal Palace,1,9,8
E0,17/12/2020,Aston Villa,Burnley,0,27,6
E0,17/12/2020,Sheffield United,Man United,3,12,14
E0,19/12/2020,Crystal Palace,Liverpool,7,5,14
E0,19/12/2020,Southampton,Man City,1,9,11
E0,19/12/2020,Everton,Arsenal,1,9,13
E0,19/12/2020,Newcastle,Fulham,1,12,11
E0,20/12/2020,Brighton,Sheffield United,1,21,5
E0,20/12/2020,Tottenham,Leicester,2,8,17
E0,20/12/2020,Man United,Leeds,2,26,17
E0,20/12/2020,West Brom,Aston Villa,3,1,19
E0,21/12/2020,Burnley,Wolves,1,10,15
E0,21/12/2020,Chelsea,West Ham,0,11,6
E0,26/12/2020,Leicester,Man United,2,10,9
E0,26/12/2020,Aston Villa,Crystal Palace,0,21,13
E0,26/12/2020,Fulham,Southampton,0,10,3
E0,26/12/2020,Arsenal,Chelsea,1,15,19
E0,26/12/2020,Man City,Newcastle,0,11,7
E0,26/12/2020,Sheffield United,Everton,1,10,7
E0,27/12/2020,Leeds,Burnley,0,11,14
E0,27/12/2020,West Ham,Brighton,2,11,13
E0,27/12/2020,Liverpool,West Brom,1,17,5
E0,27/12/2020,Wolves,Tottenham,1,11,6
E0,28/12/2020,Crystal Palace,Leicester,1,4,17
E0,28/12/2020,Chelsea,Aston Villa,1,16,10
E0,29/12/2020,Brighton,Arsenal,1,13,11
E0,29/12/2020,Burnley,Sheffield United,0,5,7
E0,29/12/2020,Southampton,West Ham,0,8,8
E0,29/12/2020,West Brom,Leeds,5,4,14
E0,29/12/2020,Man United,Wolves,0,11,9
E0,30/12/2020,Newcastle,Liverpool,0,8,11
E0,01/01/2021,Everton,West Ham,1,10,11
E0,01/01/2021,Man United,Aston Villa,1,19,5
E0,02/01/2021,Tottenham,Leeds,0,20,18
E0,02/01/2021,Crystal Palace,Sheffield United,0,9,7
E0,02/01/2021,Brighton,Wolves,3,13,11
E0,02/01/2021,West Brom,Arsenal,4,7,21
E0,03/01/2021,Newcastle,Leicester,2,8,9
E0,03/01/2021,Chelsea,Man City,3,9,18
E0,04/01/2021,Southampton,Liverpool,0,7,17
E0,12/01/2021,Sheffield United,Newcastle,0,17,7
E0,12/01/2021,Burnley,Man United,1,11,13
E0,12/01/2021,Wolves,Everton,2,12,5
E0,13/01/2021,Man City,Brighton,0,16,5
E0,13/01/2021,Tottenham,Fulham,1,15,15
E0,14/01/2021,Arsenal,Crystal Palace,0,11,12
E0,16/01/2021,Wolves,West Brom,3,23,12
E0,16/01/2021,Leeds,Brighton,1,7,7
E0,16/01/2021,West Ham,Burnley,0,15,10
E0,16/01/2021,Fulham,Chelsea,1,10,21
E0,16/01/2021,Leicester,Southampton,0,16,8
E0,17/01/2021,Sheffield United,Tottenham,3,15,14
E0,17/01/2021,Liverpool,Man United,0,17,8
E0,17/01/2021,Man City,Crystal Palace,0,13,2
E0,18/01/2021,Arsenal,Newcastle,0,20,4
E0,19/01/2021,West Ham,West Brom,1,14,6
E0,19/01/2021,Leicester,Chelsea,0,8,9
E0,20/01/2021,Man City,Aston Villa,0,28,11
E0,20/01/2021,Fulham,Man United,2,12,15
E0,21/01/2021,Liverpool,Burnley,1,27,6
E0,23/01/2021,Aston Villa,Newcastle,0,14,7
E0,26/01/2021,Crystal Palace,West Ham,3,6,17
E0,26/01/2021,Newcastle,Leeds,2,22,9
E0,26/01/2021,Southampton,Arsenal,3,13,9
E0,26/01/2021,West Brom,Man City,5,4,18
E0,27/01/2021,Burnley,Aston Villa,2,10,18
E0,27/01/2021,Chelsea,Wolves,0,14,4
E0,27/01/2021,Brighton,Fulham,0,16,10
E0,27/01/2021,Everton,Leicester,1,8,19
E0,27/01/2021,Man United,Sheffield United,2,16,5
E0,28/01/2021,Tottenham,Liverpool,3,3,14
E0,30/01/2021,Everton,Newcastle,2,11,13
E0,30/01/2021,Crystal Palace,Wolves,0,11,6
E0,30/01/2021,Man City,Sheffield United,0,10,4
E0,30/01/2021,West Brom,Fulham,2,5,12
E0,30/01/2021,Arsenal,Man United,0,17,14
E0,30/01/2021,Southampton,Aston Villa,1,20,8
E0,31/01/2021,Chelsea,Burnley,0,19,1
E0,31/01/2021,Leicester,Leeds,3,18,8
E0,31/01/2021,West Ham,Liverpool,3,8,14
E0,31/01/2021,Brighton,Tottenham,0,16,8
E0,02/02/2021,Sheffield United,West Brom,1,14,8
E0,02/02/2021,Wolves,Arsenal,1,11,9
E0,02/02/2021,Man United,Southampton,0,24,3
E0,02/02/2021,Newcastle,Crystal Palace,2,21,6
E0,03/02/2021,Burnley,Man City,2,2,17
E0,03/02/2021,Fulham,Leicester,2,8,9
E0,03/02/2021,Leeds,Everton,2,16,10
E0,03/02/2021,Aston Villa,West Ham,3,9,20
E0,03/02/2021,Liverpool,Brighton,1,11,13
E0,04/02/2021,Tottenham,Chelsea,1,7,18
E0,06/02/2021,Aston Villa,Arsenal,0,12,14
E0,06/02/2021,Burnley,Brighton,1,20,10
E0,06/02/2021,Newcastle,Southampton,2,6,14
E0,06/02/2021,Fulham,West Ham,0,20,8
E0,06/02/2021,Man United,Everton,3,14,6
E0,07/02/2021,Tottenham,West Brom,0,13,4
E0,07/02/2021,Wolves,Leicester,0,13,13
E0,07/02/2021,Liverpool,Man City,4,8,8
E0,07/02/2021,Sheffield United,Chelsea,2,8,9
E0,08/02/2021,Leeds,Crystal Palace,0,17,8
E0,13/02/2021,Leicester,Liverpool,1,11,15
E0,13/02/2021,Crystal Palace,Burnley,3,13,16
E0,13/02/2021,Man City,Tottenham,0,15,7
E0,13/02/2021,Brighton,Aston Villa,0,26,4
E0,14/02/2021,Southampton,Wolves,2,7,10
E0,14/02/2021,West Brom,Man United,1,7,10
E0,14/02/2021,Arsenal,Leeds,2,13,9
E0,14/02/2021,Everton,Fulham,2,7,12
E0,15/02/2021,West Ham,Sheffield United,0,13,8
E0,15/02/2021,Chelsea,Newcastle,0,18,10
E0,17/02/2021,Burnley,Fulham,1,8,8
E0,17/02/2021,Everton,Man City,3,3,16
E0,19/02/2021,Wolves,Leeds,0,15,18
E0,20/02/2021,Southampton,Chelsea,1,4,9
E0,20/02/2021,Burnley,West Brom,0,6,10
E0,20/02/2021,Liverpool,Everton,2,15,9
E0,20/02/2021,Fulham,Sheffield United,0,15,4
E0,21/02/2021,West Ham,Tottenham,1,4,20
E0,21/02/2021,Aston Villa,Leicester,2,11,16
E0,21/02/2021,Arsenal,Man City,1,7,15
E0,21/02/2021,Man United,Newcastle,1,15,10
E0,22/02/2021,Brighton,Crystal Palace,2,25,3
E0,23/02/2021,Leeds,Southampton,0,11,13
E0,27/02/2021,Man City,West Ham,1,10,9
E0,27/02/2021,West Brom,Brighton,0,6,15
E0,27/02/2021,Leeds,Aston Villa,1,13,9
E0,27/02/2021,Newcastle,Wolves,1,19,14
E0,28/02/2021,Crystal Palace,Fulham,0,3,16
E0,28/02/2021,Leicester,Arsenal,3,8,12
E0,28/02/2021,Tottenham,Burnley,0,16,10
E0,28/02/2021,Chelsea,Man United,0,18,11
E0,28/02/2021,Sheffield United,Liverpool,2,8,16
E0,01/03/2021,Everton,Southampton,0,7,9
E0,02/03/2021,Man City,Wolves,1,22,6
E0,03/03/2021,Burnley,Leicester,1,12,15
E0,03/03/2021,Sheffield United,Aston Villa,0,9,16
E0,03/03/2021,Crystal Palace,Man United,0,8,11
E0,04/03/2021,Fulham,Tottenham,1,11,9
E0,04/03/2021,West Brom,Everton,1,11,11
E0,04/03/2021,Liverpool,Chelsea,1,7,11
E0,06/03/2021,Burnley,Arsenal,1,9,15
E0,06/03/2021,Sheffield United,Southampton,2,8,15
E0,06/03/2021,Aston Villa,Wolves,0,9,10
E0,06/03/2021,Brighton,Leicester,2,7,8
E0,07/03/2021,West Brom,Newcastle,0,13,9
E0,07/03/2021,Liverpool,Fulham,1,16,10
E0,07/03/2021,Man City,Man United,2,23,8
E0,07/03/2021,Tottenham,Crystal Palace,1,12,5
E0,08/03/2021,Chelsea,Everton,0,19,7
E0,08/03/2021,West Ham,Leeds,0,16,17
E0,10/03/2021,Man City,Southampton,2,17,11
E0,12/03/2021,Newcastle,Aston Villa,1,12,15
E0,13/03/2021,Leeds,Chelsea,0,7,15
E0,13/03/2021,Crystal Palace,West Brom,0,6,12
E0,13/03/2021,Everton,Burnley,2,14,14
E0,13/03/2021,Fulham,Man City,3,3,8
E0,14/03/2021,Southampton,Brighton,2,9,8
E0,14/03/2021,Leicester,Sheffield United,0,19,1
E0,14/03/2021,Arsenal,Tottenham,1,13,6
E0,14/03/2021,Man United,West Ham,0,15,7
E0,15/03/2021,Wolves,Liverpool,1,10,12
E0,19/03/2021,Fulham,Leeds,2,13,13
E0,20/03/2021,Brighton,Newcastle,0,11,3
E0,21/03/2021,West Ham,Arsenal,3,15,16
E0,21/03/2021,Aston Villa,Tottenham,2,8,9
E0,03/04/2021,Chelsea,West Brom,5,18,14
E0,03/04/2021,Leeds,Sheffield United,1,23,9
E0,03/04/2021,Leicester,Man City,2,5,11
E0,03/04/2021,Arsenal,Liverpool,3,3,16
E0,04/04/2021,Southampton,Burnley,2,24,7
E0,04/04/2021,Newcastle,Tottenham,2,22,11
E0,04/04/2021,Aston Villa,Fulham,1,14,15
E0,04/04/2021,Man United,Brighton,1,15,5
E0,05/04/2021,Everton,Crystal Palace,1,15,13
E0,05/04/2021,Wolves,West Ham,3,20,9
E0,09/04/2021,Fulham,Wolves,1,14,7
E0,10/04/2021,Man City,Leeds,2,29,2
E0,10/04/2021,Liverpool,Aston Villa,1,23,9
E0,10/04/2021,Crystal Palace,Chelsea,4,1,23
E0,11/04/2021,Burnley,Newcastle,2,24,10
E0,11/04/2021,West Ham,Leicester,2,4,15
E0,11/04/2021,Tottenham,Man United,3,12,12
E0,11/04/2021,Sheffield United,Arsenal,3,7,14
E0,12/04/2021,West Brom,Southampton,0,15,14
E0,12/04/2021,Brighton,Everton,0,23,8
E0,16/04/2021,Everton,Tottenham,2,18,12
E0,17/04/2021,Newcastle,West Ham,2,16,16
E0,17/04/2021,Wolves,Sheffield United,0,10,8
E0,18/04/2021,Arsenal,Fulham,1,18,3
E0,18/04/2021,Man United,Burnley,1,17,10
E0,19/04/2021,Leeds,Liverpool,1,12,17
E0,20/04/2021,Chelsea,Brighton,0,7,11
E0,21/04/2021,Tottenham,Southampton,1,12,10
E0,21/04/2021,Aston Villa,Man City,2,8,13
E0,22/04/2021,Leicester,West Brom,0,17,4
E0,23/04/2021,Arsenal,Everton,1,14,8
E0,24/04/2021,Liverpool,Newcastle,1,22,7
E0,24/04/2021,West Ham,Chelsea,1,9,17
E0,24/04/2021,Sheffield United,Brighton,0,7,17
E0,25/04/2021,Wolves,Burnley,4,12,14
E0,25/04/2021,Leeds,Man United,0,6,16
E0,25/04/2021,Aston Villa,West Brom,2,24,10
E0,26/04/2021,Leicester,Crystal Palace,1,13,4
E0,30/04/2021,Southampton,Leicester,1,5,23
E0,01/05/2021,Crystal Palace,Man City,2,9,20
E0,01/05/2021,Brighton,Leeds,0,17,11
E0,01/05/2021,Chelsea,Fulham,0,9,10
E0,01/05/2021,Everton,Aston Villa,2,16,13
E0,02/05/2021,Newcastle,Arsenal,2,5,19
E0,02/05/2021,Tottenham,Sheffield United,0,20,8
E0,03/05/2021,West Brom,Wolves,1,10,20
E0,03/05/2021,Burnley,West Ham,2,8,22
E0,07/05/2021,Leicester,Newcastle,4,25,14
E0,08/05/2021,Leeds,Tottenham,1,16,11
E0,08/05/2021,Sheffield United,Crystal Palace,2,7,21
E0,08/05/2021,Man City,Chelsea,2,16,12
E0,08/05/2021,Liverpool,Southampton,0,14,12
E0,09/05/2021,Wolves,Brighton,1,16,5
E0,09/05/2021,Aston Villa,Man United,3,11,18
E0,09/05/2021,West Ham,Everton,1,11,9
E0,09/05/2021,Arsenal,West Brom,1,15,12
E0,10/05/2021,Fulham,Burnley,2,21,14
E0,11/05/2021,Man United,Leicester,2,4,12
E0,11/05/2021,Southampton,Crystal Palace,1,13,11
E0,12/05/2021,Chelsea,Arsenal,1,19,5
E0,13/05/2021,Aston Villa,Everton,0,13,15
E0,13/05/2021,Man United,Liverpool,4,18,17
E0,14/05/2021,Newcastle,Man City,4,11,15
E0,15/05/2021,Burnley,Leeds,4,16,16
E0,15/05/2021,Southampton,Fulham,1,11,10
E0,15/05/2021,Brighton,West Ham,1,10,15
E0,16/05/2021,Crystal Palace,Aston Villa,2,23,19
E0,16/05/2021,Tottenham,Wolves,0,24,15
E0,16/05/2021,West Brom,Liverpool,2,10,26
E0,16/05/2021,Everton,Sheffield United,1,16,10
E0,18/05/2021,Man United,Fulham,1,13,8
E0,18/05/2021,Southampton,Leeds,2,18,15
E0,18/05/2021,Brighton,Man City,2,19,8
E0,18/05/2021,Chelsea,Leicester,1,17,7
E0,19/05/2021,Everton,Wolves,0,14,9
E0,19/05/2021,Newcastle,Sheffield United,0,16,11
E0,19/05/2021,Tottenham,Aston Villa,2,10,20
E0,19/05/2021,Crystal Palace,Arsenal,3,12,6
E0,19/05/2021,Burnley,Liverpool,3,10,20
E0,19/05/2021,West Brom,West Ham,3,14,21
E0,23/05/2021,Arsenal,Brighton,0,16,5
E0,23/05/2021,Aston Villa,Chelsea,1,6,23
E0,23/05/2021,Fulham,Newcastle,2,14,10
E0,23/05/2021,Leeds,West Brom,1,17,14
E0,23/05/2021,Leicester,Tottenham,4,10,11
E0,23/05/2021,Liverpool,Crystal Palace,0,19,5
E0,23/05/2021,Man City,Everton,0,21,8
E0,23/05/2021,Sheffield United,Burnley,0,12,10
E0,23/05/2021,West Ham,Southampton,0,14,17
E0,23/05/2021,Wolves,Man United,2,14,9
E0,13/08/2021,Brentford,Arsenal,0,8,22
E0,14/08/2021,Man United,Leeds,1,16,10
E0,14/08/2021,Burnley,Brighton,2,14,14
E0,14/08/2021,Chelsea,Crystal Palace,0,13,4
E0,14/08/2021,Everton,Southampton,1,14,6
E0,14/08/2021,Leicester,Wolves,0,9,17
E0,14/08/2021,Watford,Aston Villa,2,13,11
E0,14/08/2021,Norwich,Liverpool,3,14,19
E0,15/08/2021,Newcastle,West Ham,4,17,8
E0,15/08/2021,Tottenham,Man City,0,13,18
E0,21/08/2021,Liverpool,Burnley,0,27,9
E0,21/08/2021,Aston Villa,Newcastle,0,10,9
E0,21/08/2021,Crystal Palace,Brentford,0,7,14
E0,21/08/2021,Leeds,Everton,2,17,17
E0,21/08/2021,Man City,Norwich,0,16,1
E0,21/08/2021,Brighton,Watford,0,13,10
E0,22/08/2021,Southampton,Man United,1,8,15
E0,22/08/2021,Wolves,Tottenham,1,25,8
E0,22/08/2021,Arsenal,Chelsea,2,6,22
E0,23/08/2021,West Ham,Leicester,1,13,5
E0,28/08/2021,Man City,Arsenal,0,25,1
E0,28/08/2021,Aston Villa,Brentford,1,7,9
E0,28/08/2021,Brighton,Everton,2,14,14
E0,28/08/2021,Newcastle,Southampton,2,10,22
E0,28/08/2021,Norwich,Leicester,2,14,9
E0,28/08/2021,West Ham,Crystal Palace,2,14,9
E0,28/08/2021,Liverpool,Chelsea,1,24,6
E0,29/08/2021,Burnley,Leeds,1,12,12
E0,29/08/2021,Tottenham,Watford,0,15,9
E0,29/08/2021,Wolves,Man United,1,15,10
E0,11/09/2021,Crystal Palace,Tottenham,0,18,2
E0,11/09/2021,Arsenal,Norwich,0,30,10
E0,11/09/2021,Brentford,Brighton,1,7,4
E0,11/09/2021,Leicester,Man City,1,6,25
E0,11/09/2021,Man United,Newcastle,1,21,12
E0,11/09/2021,Southampton,West Ham,0,11,13
E0,11/09/2021,Watford,Wolves,2,6,14
E0,11/09/2021,Chelsea,Aston Villa,0,12,18
E0,12/09/2021,Leeds,Liverpool,3,9,30
E0,13/09/2021,Everton,Burnley,1,14,11
E0,17/09/2021,Newcastle,Leeds,1,17,22
E0,18/09/2021,Wolves,Brentford,2,11,9
E0,18/09/2021,Burnley,Arsenal,1,18,13
E0,18/09/2021,Liverpool,Crystal Palace,0,25,13
E0,18/09/2021,Man City,Southampton,0,18,10
E0,18/09/2021,Norwich,Watford,3,12,12
E0,18/09/2021,Aston Villa,Everton,0,15,11
E0,19/09/2021,Brighton,Leicester,1,12,14
E0,19/09/2021,West Ham,Man United,2,13,17
E0,19/09/2021,Tottenham,Chelsea,3,8,20
E0,25/09/2021,Chelsea,Man City,1,5,15
E0,25/09/2021,Man United,Aston Villa,1,28,7
E0,25/09/2021,Everton,Norwich,0,11,10
E0,25/09/2021,Leeds,West Ham,2,15,20
E0,25/09/2021,Leicester,Burnley,2,22,9
E0,25/09/2021,Watford,Newcastle,1,15,20
E0,25/09/2021,Brentford,Liverpool,3,12,16
E0,26/09/2021,Southampton,Wolves,1,18,5
E0,26/09/2021,Arsenal,Tottenham,1,12,10
E0,27/09/2021,Crystal Palace,Brighton,1,8,8
E0,02/10/2021,Man United,Everton,1,13,12
E0,02/10/2021,Burnley,Norwich,0,14,10
E0,02/10/2021,Chelsea,Southampton,1,20,6
E0,02/10/2021,Leeds,Watford,0,20,5
E0,02/10/2021,Wolves,Newcastle,1,7,8
E0,02/10/2021,Brighton,Arsenal,0,21,8
E0,03/10/2021,Crystal Palace,Leicester,2,18,9
E0,03/10/2021,Tottenham,Aston Villa,1,17,14
E0,03/10/2021,West Ham,Brentford,2,18,13
E0,03/10/2021,Liverpool,Man City,2,6,12
E0,16/10/2021,Watford,Liverpool,5,6,19
E0,16/10/2021,Aston Villa,Wolves,3,14,9
E0,16/10/2021,Leicester,Man United,2,22,18
E0,16/10/2021,Man City,Burnley,0,15,7
E0,16/10/2021,Norwich,Brighton,0,15,11
E0,16/10/2021,Southampton,Leeds,0,19,3
E0,16/10/2021,Brentford,Chelsea,1,17,5
E0,17/10/2021,Everton,West Ham,1,15,16
E0,17/10/2021,Newcastle,Tottenham,3,7,14
E0,18/10/2021,Arsenal,Crystal Palace,2,17,9
E0,22/10/2021,Arsenal,Aston Villa,1,22,10
E0,23/10/2021,Chelsea,Norwich,0,23,3
E0,23/10/2021,Crystal Palace,Newcastle,1,15,6
E0,23/10/2021,Everton,Watford,5,15,20
E0,23/10/2021,Leeds,Wolves,1,18,8
E0,23/10/2021,Southampton,Burnley,2,16,9
E0,23/10/2021,Brighton,Man City,4,10,23
E0,24/10/2021,Brentford,Leicester,2,15,10
E0,24/10/2021,West Ham,Tottenham,0,13,7
E0,24/10/2021,Man United,Liverpool,5,12,19
E0,30/10/2021,Leicester,Arsenal,2,16,9
E0,30/10/2021,Burnley,Brentford,1,15,12
E0,30/10/2021,Liverpool,Brighton,2,14,9
E0,30/10/2021,Man City,Crystal Palace,2,14,8
E0,30/10/2021,Newcastle,Chelsea,3,6,19
E0,30/10/2021,Watford,Southampton,1,10,12
E0,30/10/2021,Tottenham,Man United,3,9,10
E0,31/10/2021,Norwich,Leeds,2,14,13
E0,31/10/2021,Aston Villa,West Ham,4,9,21
E0,01/11/2021,Wolves,Everton,1,10,14
E0,05/11/2021,Southampton,Aston Villa,0,9,14
E0,06/11/2021,Man United,Man City,2,5,16
E0,06/11/2021,Brentford,Norwich,2,19,9
E0,06/11/2021,Chelsea,Burnley,1,25,5
E0,06/11/2021,Crystal Palace,Wolves,0,13,4
E0,06/11/2021,Brighton,Newcastle,1,14,6
E0,07/11/2021,Arsenal,Watford,0,14,7
E0,07/11/2021,Everton,Tottenham,0,12,8
E0,07/11/2021,Leeds,Leicester,1,18,9
E0,07/11/2021,West Ham,Liverpool,2,7,16
E0,20/11/2021,Leicester,Chelsea,3,4,16
E0,20/11/2021,Aston Villa,Brighton,0,9,6
E0,20/11/2021,Burnley,Crystal Palace,3,15,18
E0,20/11/2021,Newcastle,Brentford,3,23,10
E0,20/11/2021,Norwich,Southampton,1,8,17
E0,20/11/2021,Watford,Man United,1,20,9
E0,20/11/2021,Wolves,West Ham,0,15,8
E0,20/11/2021,Liverpool,Arsenal,0,19,5
E0,21/11/2021,Man City,Everton,0,17,4
E0,21/11/2021,Tottenham,Leeds,1,13,18
E0,27/11/2021,Arsenal,Newcastle,0,24,9
E0,27/11/2021,Crystal Palace,Aston Villa,2,8,10
E0,27/11/2021,Liverpool,Southampton,0,20,7
E0,27/11/2021,Norwich,Wolves,0,14,5
E0,27/11/2021,Brighton,Leeds,0,20,11
E0,28/11/2021,Brentford,Everton,0,6,14
E0,28/11/2021,Leicester,Watford,2,18,16
E0,28/11/2021,Man City,West Ham,1,19,5
E0,28/11/2021,Chelsea,Man United,1,24,3
E0,30/11/2021,Newcastle,Norwich,1,9,16
E0,30/11/2021,Leeds,Crystal Palace,0,15,9
E0,01/12/2021,Southampton,Leicester,2,15,15
E0,01/12/2021,Watford,Chelsea,2,13,8
E0,01/12/2021,West Ham,Brighton,1,14,9
E0,01/12/2021,Wolves,Burnley,0,16,6
E0,01/12/2021,Aston Villa,Man City,2,9,17
E0,01/12/2021,Everton,Liverpool,4,8,16
E0,02/12/2021,Tottenham,Brentford,0,11,6
E0,02/12/2021,Man United,Arsenal,2,14,17
E0,04/12/2021,West Ham,Chelsea,2,11,19
E0,04/12/2021,Newcastle,Burnley,0,19,10
E0,04/12/2021,Southampton,Brighton,1,14,14
E0,04/12/2021,Wolves,Liverpool,1,3,17
E0,04/12/2021,Watford,Man City,3,11,26
E0,05/12/2021,Leeds,Brentford,2,13,9
E0,05/12/2021,Man United,Crystal Palace,0,16,8
E0,05/12/2021,Tottenham,Norwich,0,17,10
E0,05/12/2021,Aston Villa,Leicester,1,13,12
E0,06/12/2021,Everton,Arsenal,1,11,10
E0,10/12/2021,Brentford,Watford,1,14,6
E0,11/12/2021,Man City,Wolves,0,24,2
E0,11/12/2021,Arsenal,Southampton,0,15,11
E0,11/12/2021,Chelsea,Leeds,2,16,12
E0,11/12/2021,Liverpool,Aston Villa,0,20,4
E0,11/12/2021,Norwich,Man United,1,11,13
E0,12/12/2021,Burnley,West Ham,0,9,16
E0,12/12/2021,Leicester,Newcastle,0,8,12
E0,12/12/2021,Crystal Palace,Everton,1,17,12
E0,14/12/2021,Norwich,Aston Villa,2,7,17
E0,14/12/2021,Man City,Leeds,0,31,6
E0,15/12/2021,Brighton,Wolves,1,12,8
E0,15/12/2021,Crystal Palace,Southampton,2,9,15
E0,15/12/2021,Arsenal,West Ham,0,21,7
E0,16/12/2021,Chelsea,Everton,1,23,5
E0,16/12/2021,Liverpool,Newcastle,1,23,4
E0,18/12/2021,Leeds,Arsenal,4,9,21
E0,19/12/2021,Newcastle,Man City,4,5,18
E0,19/12/2021,Wolves,Chelsea,0,4,8
E0,19/12/2021,Tottenham,Liverpool,2,10,18
E0,26/12/2021,Man City,Leicester,3,17,14
E0,26/12/2021,Norwich,Arsenal,5,4,16
E0,26/12/2021,Tottenham,Crystal Palace,0,17,4
E0,26/12/2021,West Ham,Southampton,3,11,11
E0,26/12/2021,Aston Villa,Chelsea,3,8,10
E0,26/12/2021,Brighton,Brentford,0,15,16
E0,27/12/2021,Newcastle,Man United,1,13,13
E0,28/12/2021,Crystal Palace,Norwich,0,19,12
E0,28/12/2021,Southampton,Tottenham,1,9,21
E0,28/12/2021,Watford,West Ham,4,14,13
E0,28/12/2021,Leicester,Liverpool,0,6,21
E0,29/12/2021,Chelsea,Brighton,1,11,18
E0,29/12/2021,Brentford,Man City,1,6,12
E0,30/12/2021,Man United,Burnley,1,18,10
E0,01/01/2022,Arsenal,Man City,2,7,15
E0,01/01/2022,Watford,Tottenham,1,6,21
E0,01/01/2022,Crystal Palace,West Ham,3,22,10
E0,02/01/2022,Brentford,Aston Villa,1,10,16
E0,02/01/2022,Everton,Brighton,3,17,12
E0,02/01/2022,Leeds,Burnley,1,22,8
E0,02/01/2022,Chelsea,Liverpool,2,15,10
E0,03/01/2022,Man United,Wolves,1,9,19
E0,11/01/2022,Southampton,Brentford,1,12,5
E0,12/01/2022,West Ham,Norwich,0,13,7
E0,14/01/2022,Brighton,Crystal Palace,1,19,3
E0,15/01/2022,Man City,Chelsea,0,11,4
E0,15/01/2022,Newcastle,Watford,1,12,18
E0,15/01/2022,Norwich,Everton,1,14,12
E0,15/01/2022,Wolves,Southampton,1,9,13
E0,15/01/2022,Aston Villa,Man United,2,13,13
E0,16/01/2022,Liverpool,Brentford,0,27,6
E0,16/01/2022,West Ham,Leeds,3,15,18
E0,18/01/2022,Brighton,Chelsea,1,10,15
E0,19/01/2022,Leicester,Tottenham,3,14,27
E0,19/01/2022,Brentford,Man United,3,18,13
E0,21/01/2022,Watford,Norwich,3,15,7
E0,22/01/2022,Everton,Aston Villa,1,15,8
E0,22/01/2022,Brentford,Wolves,2,11,7
E0,22/01/2022,Leeds,Newcastle,1,13,15
E0,22/01/2022,Man United,West Ham,0,18,6
E0,22/01/2022,Southampton,Man City,1,7,20
E0,23/01/2022,Arsenal,Burnley,0,20,10
E0,23/01/2022,Crystal Palace,Liverpool,3,8,15
E0,23/01/2022,Leicester,Brighton,1,15,14
E0,23/01/2022,Chelsea,Tottenham,0,15,6
E0,05/02/2022,Burnley,Watford,0,13,11
E0,08/02/2022,Newcastle,Everton,1,20,11
E0,08/02/2022,West Ham,Watford,0,9,6
E0,08/02/2022,Burnley,Man United,1,9,22
E0,09/02/2022,Man City,Brentford,0,15,6
E0,09/02/2022,Norwich,Crystal Palace,1,5,13
E0,09/02/2022,Tottenham,Southampton,3,8,23
E0,09/02/2022,Aston Villa,Leeds,3,12,16
E0,10/02/2022,Liverpool,Leicester,0,22,5
E0,10/02/2022,Wolves,Arsenal,1,15,12
E0,12/02/2022,Man United,Southampton,1,12,13
E0,12/02/2022,Brentford,Crystal Palace,0,9,6
E0,12/02/2022,Everton,Leeds,0,21,7
E0,12/02/2022,Watford,Brighton,2,9,11
E0,12/02/2022,Norwich,Man City,4,8,22
E0,13/02/2022,Burnley,Liverpool,1,8,12
E0,13/02/2022,Newcastle,Aston Villa,0,10,11
E0,13/02/2022,Tottenham,Wolves,2,17,11
E0,13/02/2022,Leicester,West Ham,2,13,8
E0,15/02/2022,Man United,Brighton,0,19,10
E0,19/02/2022,West Ham,Newcastle,1,11,14
E0,19/02/2022,Arsenal,Brentford,1,24,6
E0,19/02/2022,Aston Villa,Watford,1,20,8
E0,19/02/2022,Brighton,Burnley,3,11,10
E0,19/02/2022,Crystal Palace,Chelsea,1,7,9
E0,19/02/2022,Liverpool,Norwich,1,29,6
E0,19/02/2022,Southampton,Everton,0,19,9
E0,19/02/2022,Man City,Tottenham,3,21,6
E0,20/02/2022,Leeds,Man United,4,16,15
E0,20/02/2022,Wolves,Leicester,1,11,17
E0,23/02/2022,Burnley,Tottenham,0,15,12
E0,23/02/2022,Watford,Crystal Palace,4,8,7
E0,23/02/2022,Liverpool,Leeds,0,23,3
E0,24/02/2022,Arsenal,Wolves,1,26,6
E0,25/02/2022,Southampton,Norwich,0,27,8
E0,26/02/2022,Leeds,Tottenham,4,19,15
E0,26/02/2022,Brentford,Newcastle,2,6,26
E0,26/02/2022,Crystal Palace,Burnley,1,11,5
E0,26/02/2022,Man United,Watford,0,22,10
E0,26/02/2022,Brighton,Aston Villa,2,12,9
E0,26/02/2022,Everton,Man City,1,6,13
E0,27/02/2022,West Ham,Wolves,0,13,14
E0,01/03/2022,Burnley,Leicester,2,9,22
E0,05/03/2022,Leicester,Leeds,0,7,19
E0,05/03/2022,Aston Villa,Southampton,0,14,11
E0,05/03/2022,Burnley,Chelsea,4,6,11
E0,05/03/2022,Newcastle,Brighton,1,10,15
E0,05/03/2022,Norwich,Brentford,3,15,10
E0,05/03/2022,Wolves,Crystal Palace,2,12,12
E0,05/03/2022,Liverpool,West Ham,0,22,13
E0,06/03/2022,Watford,Arsenal,3,13,16
E0,06/03/2022,Man City,Man United,1,24,5
E0,07/03/2022,Tottenham,Everton,0,14,6
E0,10/03/2022,Norwich,Chelsea,3,9,15
E0,10/03/2022,Southampton,Newcastle,2,14,8
E0,10/03/2022,Wolves,Watford,0,10,9
E0,10/03/2022,Leeds,Aston Villa,3,4,15
E0,12/03/2022,Brighton,Liverpool,2,8,18
E0,12/03/2022,Brentford,Burnley,0,13,7
E0,12/03/2022,Man United,Tottenham,2,10,10
E0,13/03/2022,Chelsea,Newcastle,0,8,7
E0,13/03/2022,Everton,Wolves,1,8,14
E0,13/03/2022,Leeds,Norwich,1,13,12
E0,13/03/2022,Southampton,Watford,2,13,9
E0,13/03/2022,West Ham,Aston Villa,1,11,13
E0,13/03/2022,Arsenal,Leicester,0,21,6
E0,14/03/2022,Crystal Palace,Man City,0,7,18
E0,16/03/2022,Brighton,Tottenham,2,15,17
E0,16/03/2022,Arsenal,Liverpool,2,9,9
E0,17/03/2022,Everton,Newcastle,0,9,17
E0,18/03/2022,Wolves,Leeds,3,14,15
E0,19/03/2022,Aston Villa,Arsenal,1,8,10
E0,20/03/2022,Leicester,Brentford,1,12,15
E0,20/03/2022,Tottenham,West Ham,1,17,6
E0,02/04/2022,Liverpool,Watford,0,20,5
E0,02/04/2022,Brighton,Norwich,0,31,6
E0,02/04/2022,Burnley,Man City,2,3,18
E0,02/04/2022,Chelsea,Brentford,4,21,17
E0,02/04/2022,Leeds,Southampton,1,12,14
E0,02/04/2022,Wolves,Aston Villa,1,11,15
E0,02/04/2022,Man United,Leicester,1,11,11
E0,03/04/2022,West Ham,Everton,1,11,13
E0,03/04/2022,Tottenham,Newcastle,1,19,8
E0,04/04/2022,Crystal Palace,Arsenal,0,6,12
E0,06/04/2022,Burnley,Everton,2,13,16
E0,08/04/2022,Newcastle,Wolves,0,12,5
E0,09/04/2022,Everton,Man United,0,7,12
E0,09/04/2022,Arsenal,Brighton,2,20,8
E0,09/04/2022,Southampton,Chelsea,6,4,24
E0,09/04/2022,Watford,Leeds,3,8,10
E0,09/04/2022,Aston Villa,Tottenham,4,9,11
E0,10/04/2022,Brentford,West Ham,0,15,5
E0,10/04/2022,Leicester,Crystal Palace,1,12,11
E0,10/04/2022,Norwich,Burnley,0,17,18
E0,10/04/2022,Man City,Liverpool,2,11,6
E0,16/04/2022,Tottenham,Brighton,1,5,12
E0,16/04/2022,Man United,Norwich,2,20,15
E0,16/04/2022,Southampton,Arsenal,0,9,23
E0,16/04/2022,Watford,Brentford,2,17,16
E0,17/04/2022,Newcastle,Leicester,1,16,8
E0,17/04/2022,West Ham,Burnley,1,21,9
E0,19/04/2022,Liverpool,Man United,0,14,2
E0,20/04/2022,Chelsea,Arsenal,4,11,14
E0,20/04/2022,Everton,Leicester,1,13,11
E0,20/04/2022,Newcastle,Crystal Palace,0,13,10
E0,20/04/2022,Man City,Brighton,0,17,2
E0,21/04/2022,Burnley,Southampton,0,16,11
E0,23/04/2022,Arsenal,Man United,1,14,14
E0,23/04/2022,Leicester,Aston Villa,0,5,11
E0,23/04/2022,Man City,Watford,1,21,5
E0,23/04/2022,Norwich,Newcastle,3,5,13
E0,23/04/2022,Brentford,Tottenham,0,15,9
E0,24/04/2022,Brighton,Southampton,2,8,18
E0,24/04/2022,Burnley,Wolves,0,14,10
E0,24/04/2022,Chelsea,West Ham,0,26,6
E0,24/04/2022,Liverpool,Everton,0,18,9
E0,25/04/2022,Crystal Palace,Leeds,0,17,9
E0,28/04/2022,Man United,Chelsea,1,6,21
E0,30/04/2022,Newcastle,Liverpool,1,4,24
E0,30/04/2022,Aston Villa,Norwich,0,21,9
E0,30/04/2022,Southampton,Crystal Palace,2,8,14
E0,30/04/2022,Watford,Burnley,2,13,17
E0,30/04/2022,Wolves,Brighton,3,11,17
E0,30/04/2022,Leeds,Man City,4,7,19
E0,01/05/2022,Everton,Chelsea,0,9,17
E0,01/05/2022,Tottenham,Leicester,1,13,6
E0,01/05/2022,West Ham,Arsenal,2,8,13
E0,02/05/2022,Man United,Brentford,0,9,12
E0,07/05/2022,Brentford,Southampton,0,18,19
E0,07/05/2022,Burnley,Aston Villa,3,14,12
E0,07/05/2022,Chelsea,Wolves,2,19,14
E0,07/05/2022,Crystal Palace,Watford,0,15,6
E0,07/05/2022,Brighton,Man United,0,17,15
E0,07/05/2022,Liverpool,Tottenham,1,22,8
E0,08/05/2022,Arsenal,Leeds,1,19,3
E0,08/05/2022,Leicester,Everton,2,16,10
E0,08/05/2022,Norwich,West Ham,4,8,13
E0,08/05/2022,Man City,Newcastle,0,21,7
E0,10/05/2022,Aston Villa,Liverpool,2,9,17
E0,11/05/2022,Leeds,Chelsea,3,5,17
E0,11/05/2022,Leicester,Norwich,0,20,9
E0,11/05/2022,Watford,Everton,0,6,16
E0,11/05/2022,Wolves,Man City,5,7,16
E0,12/05/2022,Tottenham,Arsenal,0,16,8
E0,15/05/2022,Tottenham,Burnley,0,21,8
E0,15/05/2022,Aston Villa,Crystal Palace,1,13,16
E0,15/05/2022,Leeds,Brighton,1,19,16
E0,15/05/2022,Watford,Leicester,5,13,13
E0,15/05/2022,West Ham,Man City,2,6,31
E0,15/05/2022,Wolves,Norwich,1,17,11
E0,15/05/2022,Everton,Brentford,3,10,18
E0,16/05/2022,Newcastle,Arsenal,0,16,11
E0,17/05/2022,Southampton,Liverpool,2,4,24
E0,19/05/2022,Everton,Crystal Palace,2,12,7
E0,19/05/2022,Aston Villa,Burnley,1,22,10
E0,19/05/2022,Chelsea,Leicester,1,20,2
E0,22/05/2022,Arsenal,Everton,1,26,6
E0,22/05/2022,Brentford,Leeds,2,14,14
E0,22/05/2022,Brighton,West Ham,1,18,7
E0,22/05/2022,Burnley,Newcastle,2,12,8
E0,22/05/2022,Chelsea,Watford,1,19,8
E0,22/05/2022,Crystal Palace,Man United,0,6,10
E0,22/05/2022,Leicester,Southampton,1,12,7
E0,22/05/2022,Liverpool,Wolves,1,29,7
E0,22/05/2022,Man City,Aston Villa,2,24,4
E0,22/05/2022,Norwich,Tottenham,5,9,19
